1;"Bulbasaur";7;69;"231 ";"– ";"– ";"– ";"080 ";"– ";"– ";1;45;49;49;65;65;45;5;8;1;7;"Normal";1;1
2;"Ivysaur";10;130;"232 ";"– ";"– ";"– ";"081 ";"– ";"– ";1;60;62;63;80;80;60;5;8;1;7;"Normal";2;1
3;"Venusaur";20;1000;"233 ";"– ";"– ";"– ";"082 ";"– ";"– ";1;80;82;83;100;100;80;5;8;1;7;"Normal";3;1
4;"Charmander";6;85;"234 ";"– ";"– ";"– ";"083 ";"– ";"– ";1;39;52;43;60;50;65;2;19;1;15;"Normal";4;1
5;"Charmeleon";11;190;"235 ";"– ";"– ";"– ";"084 ";"– ";"– ";1;58;64;58;80;65;80;2;19;1;15;"Normal";5;1
6;"Charizard";17;905;"236 ";"– ";"– ";"– ";"085 ";"– ";"– ";1;78;84;78;109;85;100;2;10;1;15;"Normal";6;1
7;"Squirtle";5;90;"237 ";"– ";"– ";"– ";"086 ";"– ";"– ";1;44;48;65;50;64;43;3;19;1;2;"Normal";7;1
8;"Wartortle";10;225;"238 ";"– ";"– ";"– ";"087 ";"– ";"– ";1;59;63;80;65;80;58;3;19;1;2;"Normal";8;1
9;"Blastoise";16;855;"239 ";"– ";"– ";"– ";"088 ";"– ";"– ";1;79;83;100;85;105;78;3;19;1;2;"Normal";9;1
10;"Caterpie";3;29;"024 ";"– ";"– ";"– ";"023 ";"– ";"– ";1;45;30;35;20;20;45;12;19;3;16;"Normal";10;1
11;"Metapod";7;99;"025 ";"– ";"– ";"– ";"024 ";"– ";"– ";1;50;20;55;25;25;30;12;19;3;16;"Normal";11;1
12;"Butterfree";11;320;"026 ";"– ";"– ";"– ";"025 ";"– ";"– ";1;65;80;40;45;80;75;12;10;3;16;"Normal";12;1
13;"Weedle";3;32;"027 ";"– ";"– ";"– ";"026 ";"– ";"– ";1;40;35;30;20;20;50;12;8;3;16;"Normal";13;1
14;"Kakuna";6;100;"028 ";"– ";"– ";"– ";"027 ";"– ";"– ";1;45;25;50;25;25;35;12;8;3;16;"Normal";14;1
15;"Beedrill";10;295;"029 ";"– ";"– ";"– ";"028 ";"– ";"– ";1;65;80;40;45;80;75;12;8;3;16;"Normal";15;1
16;"Pidgey";3;18;"010 ";"– ";"– ";"– ";"017 ";"– ";"– ";1;40;45;40;35;35;56;1;10;4;16;"Normal";16;1
17;"Pidgeotto";11;300;"011 ";"– ";"– ";"– ";"018 ";"– ";"– ";1;63;60;55;50;50;71;1;10;4;16;"Normal";17;1
18;"Pidgeot";15;395;"012 ";"– ";"– ";"– ";"019 ";"– ";"– ";1;83;80;75;70;70;91;1;10;4;16;"Normal";18;1
19;"Rattata";3;35;"017 ";"– ";"– ";"059 ";"– ";"– ";"– ";0;30;56;35;25;35;72;1;19;5;16;"Normal";19;1
20;"Raticate";7;185;"018 ";"– ";"– ";"060 ";"– ";"– ";"– ";0;55;81;60;50;70;97;1;19;5;16;"Normal";20;1
21;"Spearow";3;20;"013 ";"– ";"– ";"– ";"– ";"– ";"109 ";0;40;60;30;31;31;70;1;10;4;16;"Normal";21;1
22;"Fearow";12;380;"014 ";"– ";"– ";"– ";"– ";"– ";"110 ";1;65;90;65;61;61;100;1;10;4;16;"Normal";22;1
23;"Ekans";20;69;"050 ";"– ";"218 ";"– ";"– ";"– ";"037 ";0;35;60;44;40;54;55;8;19;5;15;"Normal";23;1
24;"Arbok";35;650;"051 ";"– ";"219 ";"– ";"– ";"– ";"038 ";0;60;85;69;65;79;80;8;19;5;15;"Normal";24;1
25;"Pikachu";4;60;"022 ";"156 ";"104 ";"– ";"036 ";"– ";"– ";1;35;55;30;50;40;90;4;19;5;6;"Normal";26;1
26;"Raichu";8;300;"023 ";"157 ";"105 ";"– ";"037 ";"– ";"– ";1;60;90;55;90;80;100;4;19;5;6;"Normal";27;1
27;"Sandshrew";6;120;"048 ";"112 ";"– ";"113 ";"– ";"– ";"097 ";1;50;75;85;20;30;40;9;19;5;16;"Normal";28;1
28;"Sandslash";10;295;"049 ";"113 ";"– ";"114 ";"– ";"– ";"098 ";1;75;100;110;45;55;65;9;19;5;16;"Normal";29;1
29;"Nidoran?";4;70;"095 ";"– ";"– ";"– ";"– ";"104 ";"– ";1;55;47;52;40;40;41;8;19;1;5;"Normal";30;1
30;"Nidorina";8;200;"096 ";"– ";"– ";"– ";"– ";"105 ";"– ";1;70;62;67;55;55;56;8;19;1;5;"Normal";31;1
31;"Nidoqueen";13;600;"097 ";"– ";"– ";"– ";"– ";"106 ";"– ";0;90;82;87;75;85;76;8;9;1;5;"Normal";32;1
32;"Nidoran?";5;90;"098 ";"– ";"– ";"– ";"– ";"107 ";"– ";1;46;57;40;40;40;50;8;19;1;5;"Normal";33;1
33;"Nidorino";9;195;"099 ";"– ";"– ";"– ";"– ";"108 ";"– ";1;61;72;57;55;55;65;8;19;1;5;"Normal";34;1
34;"Nidoking";14;620;"100 ";"– ";"– ";"– ";"– ";"109 ";"– ";0;81;92;77;85;75;85;8;9;1;5;"Normal";35;1
35;"Clefairy";6;75;"041 ";"204 ";"100 ";"089 ";"– ";"– ";"– ";0;70;45;48;60;65;35;18;19;6;16;"Normal";37;1
36;"Clefable";13;400;"042 ";"205 ";"101 ";"090 ";"– ";"– ";"– ";0;95;70;73;85;90;60;18;19;6;16;"Normal";38;1
37;"Vulpix";6;99;"127 ";"153 ";"– ";"248 ";"– ";"– ";"– ";0;38;41;40;50;65;65;2;19;5;16;"Normal";42;1
38;"Ninetales";11;199;"128 ";"154 ";"– ";"249 ";"– ";"– ";"– ";0;73;76;75;81;100;100;2;19;5;16;"Normal";43;1
39;"Jigglypuff";5;55;"044 ";"138 ";"234 ";"282 ";"–";"– ";"120 ";1;115;45;20;45;25;20;1;18;6;16;"Normal";730;1
40;"Wigglytuff";10;120;"045 ";"139 ";"235 ";"283 ";"– ";"– ";"121 ";0;140;70;45;75;50;45;1;18;6;16;"Normal";731;1
41;"Zubat";8;75;"037 ";"063 ";"028 ";"061 ";"145 ";"– ";"– ";1;40;45;35;30;40;55;8;10;4;16;"Normal";39;1
42;"Golbat";16;550;"038 ";"064 ";"029 ";"062 ";"146 ";"– ";"– ";0;75;80;70;65;75;90;8;10;4;16;"Normal";40;1
43;"Oddish";5;54;"083 ";"088 ";"– ";"– ";"105 ";"– ";"– ";1;45;50;55;75;65;30;5;8;7;16;"Normal";44;1
44;"Gloom";8;86;"084 ";"089 ";"– ";"– ";"106 ";"– ";"– ";1;60;65;70;85;75;40;5;8;7;16;"Normal";45;1
45;"Vileplume";12;186;"085 ";"090 ";"– ";"– ";"107 ";"– ";"– ";1;75;80;85;100;90;50;5;8;7;16;"Normal";46;1
46;"Paras";3;54;"070 ";"– ";"– ";"– ";"– ";"– ";"– ";0;35;70;55;45;55;25;12;5;3;7;"Normal";48;1
47;"Parasect";10;295;"071 ";"– ";"– ";"– ";"– ";"– ";"– ";0;60;95;80;60;80;30;12;5;3;7;"Normal";49;1
48;"Venonat";10;300;"109 ";"245 ";"– ";"– ";"– ";"– ";"– ";0;60;55;50;40;55;45;12;8;3;16;"Normal";50;1
49;"Venomoth";15;125;"110 ";"246 ";"– ";"– ";"– ";"– ";"– ";0;70;65;60;90;75;90;12;8;3;16;"Normal";51;1
50;"Diglett";2;8;"134 ";"– ";"– ";"– ";"– ";"– ";"001 ";0;10;55;25;35;45;95;9;19;5;16;"Normal";52;1
51;"Dugtrio";7;333;"135 ";"– ";"– ";"– ";"– ";"– ";"002 ";1;35;80;50;50;70;120;9;19;5;16;"Normal";53;1
52;"Meowth";4;42;"138 ";"– ";"– ";"– ";"– ";"– ";"– ";0;40;45;35;40;40;90;1;19;5;16;"Normal";54;1
53;"Persian";10;320;"139 ";"– ";"– ";"– ";"– ";"– ";"– ";0;65;70;60;65;65;115;1;19;5;16;"Normal";55;1
54;"Psyduck";8;196;"140 ";"158 ";"043 ";"028 ";"059 ";"– ";"– ";1;50;52;48;65;50;55;3;19;2;5;"Normal";56;1
55;"Golduck";17;766;"141 ";"159 ";"044 ";"029 ";"060 ";"– ";"– ";0;80;82;78;95;80;85;3;19;2;5;"Normal";57;1
56;"Mankey";5;280;"136 ";"211 ";"– ";"– ";"– ";"– ";"– ";0;40;80;35;35;45;70;7;19;5;16;"Normal";58;1
57;"Primeape";10;320;"137 ";"212 ";"– ";"– ";"– ";"– ";"– ";0;65;105;60;60;70;95;7;19;5;16;"Normal";59;1
58;"Growlithe";7;190;"129 ";"– ";"– ";"051 ";"– ";"– ";"– ";0;55;70;45;70;50;60;2;19;5;16;"Normal";60;1
59;"Arcanine";19;1550;"130 ";"– ";"– ";"052 ";"– ";"– ";"– ";0;90;110;80;100;80;95;2;19;5;16;"Normal";61;1
60;"Poliwag";6;124;"072 ";"– ";"220 ";"– ";"– ";"– ";"033 ";1;40;50;40;40;40;90;3;19;2;16;"Normal";62;1
61;"Poliwhirl";10;200;"073 ";"– ";"221 ";"– ";"– ";"– ";"034 ";1;65;65;65;50;50;90;3;19;2;16;"Normal";63;1
62;"Poliwrath";13;540;"074 ";"– ";"222 ";"– ";"– ";"– ";"035 ";1;90;85;95;70;90;70;3;7;2;16;"Normal";64;1
63;"Abra";9;195;"089 ";"039 ";"020 ";"– ";"102 ";"– ";"– ";1;25;20;15;105;55;90;11;19;9;16;"Normal";66;1
64;"Kadabra";13;565;"090 ";"040 ";"021 ";"– ";"103 ";"– ";"– ";1;40;35;30;120;70;105;11;19;9;16;"Normal";67;1
65;"Alakazam";15;480;"091 ";"041 ";"022 ";"– ";"104 ";"– ";"– ";1;55;50;45;135;85;120;11;19;9;16;"Normal";68;1
66;"Machop";8;195;"142 ";"073 ";"040 ";"– ";"– ";"057 ";"– ";1;70;80;50;35;35;35;7;19;9;16;"Normal";69;1
67;"Machoke";15;705;"143 ";"074 ";"041 ";"– ";"– ";"058 ";"– ";1;80;100;70;50;60;45;7;19;9;16;"Normal";70;1
68;"Machamp";16;1300;"144 ";"075 ";"042 ";"– ";"– ";"059 ";"– ";1;90;130;80;65;85;55;7;19;9;16;"Normal";71;1
69;"Bellsprout";7;40;"064 ";"215 ";"– ";"– ";"– ";"– ";"026 ";0;50;75;35;70;30;40;5;8;7;16;"Normal";72;1
70;"Weepinbell";10;64;"065 ";"216 ";"– ";"– ";"– ";"– ";"027 ";1;65;90;50;85;45;55;5;8;7;16;"Normal";73;1
71;"Victreebel";17;155;"066 ";"217 ";"– ";"– ";"– ";"– ";"028 ";1;80;105;65;100;60;70;5;8;7;16;"Normal";74;1
72;"Tentacool";9;455;"164 ";"066 ";"136 ";"– ";"– ";"025 ";"– ";1;40;40;35;50;100;70;3;8;10;16;"Normal";75;1
73;"Tentacruel";16;550;"165 ";"067 ";"137 ";"– ";"– ";"026 ";"– ";1;80;70;65;80;120;100;3;8;10;16;"Normal";76;1
74;"Geodude";4;200;"034 ";"057 ";"031 ";"– ";"– ";"– ";"009 ";1;40;80;100;30;30;20;13;9;11;16;"Normal";77;1
75;"Graveler";10;1050;"035 ";"058 ";"032 ";"– ";"– ";"– ";"010 ";1;55;95;115;45;45;35;13;9;11;16;"Normal";78;1
76;"Golem";14;3000;"036 ";"059 ";"033 ";"– ";"– ";"– ";"011 ";1;80;110;130;55;65;45;13;9;11;16;"Normal";79;1
77;"Ponyta";10;300;"206 ";"209 ";"090 ";"– ";"– ";"– ";"– ";1;50;85;55;65;65;90;2;19;5;16;"Normal";80;1
78;"Rapidash";17;950;"207 ";"210 ";"091 ";"– ";"– ";"– ";"– ";0;65;100;70;80;80;105;2;19;5;16;"Normal";81;1
79;"Slowpoke";12;360;"080 ";"235 ";"– ";"– ";"– ";"133 ";"– ";1;90;65;65;40;40;15;3;11;1;2;"Normal";82;1
80;"Slowbro";16;785;"081 ";"236 ";"– ";"– ";"– ";"134 ";"– ";0;95;75;110;100;80;30;3;11;1;2;"Normal";83;1
81;"Magnemite";3;60;"119 ";"082 ";"178 ";"048 ";"– ";"– ";"069 ";0;25;35;70;95;55;45;4;17;11;16;"Normal";85;1
82;"Magneton";10;600;"120 ";"083 ";"179 ";"049 ";"– ";"– ";"070 ";0;50;60;95;120;70;70;4;17;11;16;"Normal";86;1
83;"Farfetch'd";8;150;"160 ";"224 ";"– ";"– ";"061 ";"– ";"– ";1;52;65;55;58;62;60;1;10;4;5;"Normal";88;1
84;"Doduo";14;392;"204 ";"092 ";"– ";"– ";"094 ";"– ";"– ";1;35;85;45;35;35;75;1;10;4;16;"Normal";89;1
85;"Dodrio";18;852;"205 ";"093 ";"– ";"– ";"095 ";"– ";"– ";0;60;110;70;60;60;100;1;10;4;16;"Normal";90;1
86;"Seel";11;900;"178 ";"– ";"– ";"265 ";"– ";"– ";"– ";0;65;45;55;45;70;45;3;19;2;5;"Normal";91;1
87;"Dewgong";17;1200;"179 ";"– ";"– ";"266 ";"– ";"– ";"– ";0;90;70;80;70;95;70;3;6;2;5;"Normal";92;1
88;"Grimer";9;300;"117 ";"106 ";"– ";"064 ";"– ";"– ";"– ";0;80;80;50;40;50;25;8;19;12;16;"Normal";93;1
89;"Muk";12;300;"118 ";"107 ";"– ";"065 ";"– ";"– ";"– ";0;105;105;75;65;100;50;8;19;12;16;"Normal";94;1
90;"Shellder";3;40;"171 ";"– ";"– ";"– ";"– ";"036 ";"– ";1;30;65;100;45;25;40;3;19;10;16;"Normal";95;1
91;"Cloyster";15;1325;"172 ";"– ";"– ";"– ";"– ";"037 ";"– ";1;50;95;180;85;45;70;3;6;10;16;"Normal";96;1
92;"Gastly";13;1;"058 ";"206 ";"069 ";"– ";"– ";"– ";"030 ";1;30;35;30;100;35;80;14;8;12;16;"Normal";97;1
93;"Haunter";16;1;"059 ";"207 ";"070 ";"– ";"– ";"– ";"031 ";1;45;50;45;115;55;95;14;8;12;16;"Normal";98;1
94;"Gengar";15;405;"060 ";"208 ";"071 ";"– ";"– ";"– ";"032 ";1;60;65;60;130;75;110;14;8;12;16;"Normal";99;1
95;"Onix";88;2100;"062 ";"226 ";"034 ";"071 ";"– ";"053 ";"– ";1;35;45;160;30;45;70;13;9;11;16;"Normal";100;1
96;"Drowzee";10;324;"087 ";"– ";"– ";"– ";"– ";"– ";"– ";0;60;48;45;43;90;42;11;19;9;16;"Normal";102;1
97;"Hypno";16;756;"088 ";"– ";"– ";"– ";"– ";"– ";"– ";0;85;73;70;73;115;67;11;19;9;16;"Normal";103;1
98;"Krabby";4;65;"166 ";"– ";"– ";"– ";"– ";"– ";"– ";0;30;105;90;25;25;50;3;19;10;16;"Normal";104;1
99;"Kingler";13;600;"167 ";"– ";"– ";"– ";"– ";"– ";"– ";0;55;130;115;50;50;75;3;19;10;16;"Normal";105;1
100;"Voltorb";5;104;"121 ";"084 ";"226 ";"– ";"– ";"– ";"072 ";1;40;30;50;55;55;100;4;19;11;16;"Normal";106;1
101;"Electrode";12;666;"122 ";"085 ";"227 ";"– ";"– ";"– ";"073 ";0;60;50;70;80;80;140;4;19;11;16;"Normal";107;1
102;"Exeggcute";4;25;"105 ";"218 ";"– ";"– ";"– ";"136 ";"– ";1;60;40;80;60;45;40;5;11;7;16;"Normal";108;1
103;"Exeggutor";20;1200;"106 ";"219 ";"– ";"– ";"– ";"137 ";"– ";1;95;95;85;125;65;55;5;11;7;16;"Normal";109;1
104;"Cubone";4;65;"208 ";"220 ";"– ";"– ";"– ";"060 ";"– ";0;50;50;95;40;50;35;9;19;1;16;"Normal";110;1
105;"Marowak";10;450;"209 ";"221 ";"– ";"– ";"– ";"061 ";"– ";0;60;80;110;50;80;45;9;19;1;16;"Normal";111;1
106;"Hitmonlee";15;498;"146 ";"– ";"– ";"– ";"– ";"– ";"– ";0;50;120;53;35;110;87;7;19;9;16;"Normal";113;1
107;"Hitmonchan";14;502;"147 ";"– ";"– ";"– ";"– ";"– ";"– ";0;50;105;79;35;110;76;7;19;9;16;"Normal";114;1
108;"Lickitung";12;655;"180 ";"229 ";"161 ";"284 ";"– ";"– ";"134 ";1;90;55;75;60;75;30;1;19;1;16;"Normal";116;1
109;"Koffing";6;10;"115 ";"108 ";"– ";"046 ";"– ";"– ";"– ";0;40;65;95;60;45;35;8;19;12;16;"Normal";118;1
110;"Weezing";12;95;"116 ";"109 ";"– ";"047 ";"– ";"– ";"– ";0;65;90;120;85;70;60;8;19;12;16;"Normal";119;1
111;"Rhyhorn";10;1150;"211 ";"169 ";"186 ";"– ";"– ";"050 ";"– ";1;80;85;95;30;30;25;9;13;1;5;"Normal";120;1
112;"Rhydon";19;1200;"212 ";"170 ";"187 ";"– ";"– ";"051 ";"– ";1;105;130;120;45;45;40;9;13;1;5;"Normal";121;1
113;"Chansey";11;346;"222 ";"231 ";"097 ";"– ";"– ";"– ";"– ";0;250;5;5;35;105;50;1;19;6;16;"Normal";124;1
114;"Tangela";10;350;"182 ";"230 ";"181 ";"217 ";"– ";"– ";"– ";0;65;55;115;100;40;60;5;19;7;16;"Normal";126;1
115;"Kangaskhan";22;800;"210 ";"– ";"– ";"– ";"– ";"062 ";"– ";1;105;95;80;40;80;90;1;19;1;16;"Normal";128;1
116;"Horsea";4;80;"190 ";"184 ";"236 ";"– ";"– ";"039 ";"– ";1;30;40;70;70;25;60;3;19;2;15;"Normal";129;1
117;"Seadra";12;250;"191 ";"185 ";"237 ";"– ";"– ";"040 ";"– ";1;55;65;95;95;45;85;3;19;2;15;"Normal";130;1
118;"Goldeen";6;150;"078 ";"050 ";"078 ";"– ";"053 ";"– ";"– ";1;45;67;60;35;50;63;3;19;13;16;"Normal";132;1
119;"Seaking";13;390;"079 ";"051 ";"079 ";"– ";"054 ";"– ";"– ";1;80;92;65;65;80;68;3;19;13;16;"Normal";133;1
120;"Staryu";8;345;"169 ";"143 ";"– ";"238 ";"– ";"034 ";"– ";1;30;45;55;70;55;85;3;19;10;16;"Normal";134;1
121;"Starmie";11;800;"170 ";"144 ";"– ";"239 ";"– ";"035 ";"– ";0;60;75;85;100;85;115;3;11;10;16;"Normal";135;1
122;"Mr.Mime";13;545;"158 ";"233 ";"095 ";"– ";"– ";"114 ";"– ";1;40;45;65;100;120;90;11;18;9;16;"Normal";137;1
123;"Scyther";15;560;"111 ";"– ";"195 ";"– ";"– ";"– ";"136 ";1;70;110;80;55;80;105;12;10;3;16;"Normal";138;1
124;"Jynx";14;406;"155 ";"– ";"240 ";"– ";"– ";"– ";"084 ";0;65;50;35;115;95;95;6;11;9;16;"Normal";141;1
125;"Electabuzz";11;300;"157 ";"210 ";"198 ";"057 ";"– ";"– ";"– ";0;65;83;57;95;85;105;4;19;9;16;"Normal";143;1
126;"Magmar";13;445;"153 ";"– ";"201 ";"054 ";"– ";"– ";"– ";1;65;95;57;100;85;93;2;19;9;16;"Normal";146;1
127;"Pinsir";15;550;"113 ";"167 ";"– ";"146 ";"– ";"130 ";"– ";1;65;125;100;55;70;85;12;19;3;16;"Normal";148;1
128;"Tauros";14;884;"150 ";"– ";"– ";"– ";"– ";"125 ";"– ";1;75;100;95;40;70;110;1;19;5;16;"Normal";149;1
129;"Magikarp";9;100;"076 ";"052 ";"023 ";"– ";"049 ";"– ";"– ";1;20;10;55;15;20;80;3;19;13;15;"Normal";150;1
130;"Gyarados";65;2350;"077 ";"053 ";"024 ";"– ";"050 ";"– ";"– ";1;95;125;79;60;100;81;3;10;13;15;"Normal";151;1
131;"Lapras";25;2200;"224 ";"– ";"– ";"242 ";"– ";"150 ";"– ";1;130;85;80;85;95;60;3;6;1;2;"Normal";152;1
132;"Ditto";3;40;"092 ";"– ";"– ";"261 ";"– ";"– ";"138 ";1;48;48;48;48;48;48;1;19;14;16;"Normal";172;1
133;"Eevee";3;65;"184 ";"– ";"163 ";"091 ";"– ";"077 ";"– ";1;55;55;50;45;65;55;1;19;5;16;"Normal";153;1
134;"Vaporeon";10;290;"185 ";"– ";"164 ";"092 ";"– ";"078 ";"– ";1;130;65;60;110;95;65;3;19;5;16;"Normal";154;1
135;"Jolteon";8;245;"186 ";"– ";"165 ";"093 ";"– ";"079 ";"– ";0;65;65;60;110;95;130;4;19;5;16;"Normal";155;1
136;"Flareon";9;250;"187 ";"– ";"166 ";"094 ";"– ";"080 ";"– ";1;65;130;60;95;110;65;2;19;5;16;"Normal";156;1
137;"Porygon";8;365;"220 ";"– ";"192 ";"– ";"– ";"– ";"– ";0;65;60;70;85;75;40;1;19;11;16;"Normal";162;1
138;"Omanyte";4;75;"225 ";"– ";"– ";"– ";"– ";"– ";"– ";1;35;40;100;90;55;35;13;3;2;10;"Normal";165;1
139;"Omastar";10;350;"226 ";"– ";"– ";"– ";"– ";"– ";"– ";0;70;60;125;115;70;55;13;3;2;10;"Normal";166;1
140;"Kabuto";5;115;"227 ";"– ";"– ";"– ";"– ";"– ";"– ";1;30;80;90;55;45;55;13;3;2;10;"Normal";167;1
141;"Kabutops";13;405;"228 ";"– ";"– ";"– ";"– ";"– ";"– ";0;60;115;105;65;70;80;13;3;2;10;"Normal";168;1
142;"Aerodactyl";18;590;"229 ";"– ";"– ";"– ";"– ";"068 ";"– ";1;80;105;65;60;75;130;13;10;4;16;"Normal";169;1
143;"Snorlax";21;4600;"230 ";"239 ";"113 ";"– ";"139 ";"– ";"– ";0;160;110;65;65;110;30;1;19;1;16;"Normal";171;1
144;"Articuno";17;554;"240 ";"– ";"– ";"– ";"– ";"151 ";"– ";0;90;85;100;95;125;85;6;10;8;16;"Normal";173;1
145;"Zapdos";16;526;"241 ";"– ";"– ";"– ";"– ";"152 ";"– ";0;90;90;85;125;90;100;4;10;8;16;"Normal";174;1
146;"Moltres";20;600;"242 ";"– ";"– ";"– ";"– ";"153 ";"– ";0;90;100;90;125;85;90;2;10;8;16;"Normal";175;1
147;"Dratini";18;33;"246 ";"– ";"– ";"– ";"– ";"– ";"145 ";1;41;64;45;50;50;50;15;19;2;15;"Normal";176;1
148;"Dragonair";40;165;"247 ";"– ";"– ";"– ";"– ";"– ";"146 ";1;61;84;65;70;70;70;15;19;2;15;"Normal";177;1
149;"Dragonite";22;2100;"248 ";"– ";"– ";"– ";"– ";"– ";"147 ";0;91;134;95;100;100;80;15;10;2;15;"Normal";178;1
150;"Mewtwo";20;1220;"254 ";"– ";"– ";"– ";"– ";"– ";"151 ";1;106;110;90;154;90;130;11;19;8;16;"Normal";179;1
151;"Mew";4;40;"255 ";"– ";"– ";"– ";"– ";"– ";"– ";0;100;100;100;100;100;100;11;19;8;16;"Normal";180;1
152;"Chikorita";9;64;"001 ";"– ";"– ";"– ";"– ";"– ";"– ";0;45;49;65;49;65;45;5;19;1;7;"Normal";181;2
153;"Bayleef";12;158;"002 ";"– ";"– ";"– ";"– ";"– ";"– ";0;60;62;80;63;80;60;5;19;1;7;"Normal";182;2
154;"Meganium";18;1005;"003 ";"– ";"– ";"– ";"– ";"– ";"– ";0;80;82;100;83;100;80;5;19;1;7;"Normal";183;2
155;"Cyndaquil";5;79;"004 ";"– ";"– ";"– ";"– ";"– ";"– ";0;39;52;43;60;50;65;2;19;5;16;"Normal";184;2
156;"Quilava";9;190;"005 ";"– ";"– ";"– ";"– ";"– ";"– ";0;58;64;58;80;65;80;2;19;5;16;"Normal";185;2
157;"Typhlosion";17;795;"006 ";"– ";"– ";"– ";"– ";"– ";"– ";0;78;84;78;109;85;100;2;19;5;16;"Normal";186;2
158;"Totodile";6;95;"007 ";"– ";"– ";"– ";"– ";"– ";"– ";0;50;65;64;44;48;43;3;19;1;2;"Normal";187;2
159;"Croconaw";11;250;"008 ";"– ";"– ";"– ";"– ";"– ";"– ";0;65;80;80;59;63;58;3;19;1;2;"Normal";188;2
160;"Feraligatr";23;888;"009 ";"– ";"– ";"– ";"– ";"– ";"– ";0;85;105;100;79;83;78;3;19;1;2;"Normal";189;2
161;"Sentret";8;60;"019 ";"– ";"– ";"– ";"109 ";"– ";"– ";0;35;46;34;35;45;20;1;19;5;16;"Normal";192;2
162;"Furret";18;325;"020 ";"– ";"– ";"– ";"110 ";"– ";"– ";0;85;76;64;45;55;90;1;19;5;16;"Normal";193;2
163;"Hoothoot";7;212;"015 ";"– ";"106 ";"– ";"– ";"– ";"117 ";0;60;30;30;36;56;50;1;10;4;16;"Normal";194;2
164;"Noctowl";16;408;"016 ";"– ";"107 ";"– ";"– ";"– ";"118 ";0;100;50;50;76;96;70;1;10;4;16;"Normal";195;2
165;"Ledyba";10;108;"030 ";"– ";"– ";"– ";"074 ";"– ";"– ";0;40;20;30;40;80;55;12;10;3;16;"Normal";196;2
166;"Ledian";14;356;"031 ";"– ";"– ";"– ";"075 ";"– ";"– ";0;55;35;50;55;110;85;12;10;3;16;"Normal";197;2
167;"Spinarak";5;85;"032 ";"– ";"– ";"– ";"– ";"– ";"107 ";0;40;60;40;40;40;30;12;8;3;16;"Normal";198;2
168;"Ariados";11;335;"033 ";"– ";"– ";"– ";"– ";"– ";"108 ";0;70;90;70;60;60;40;12;8;3;16;"Normal";199;2
169;"Crobat";18;750;"039 ";"065 ";"030 ";"063 ";"147 ";"– ";"– ";0;85;90;80;70;80;130;8;10;4;16;"Normal";41;2
170;"Chinchou";5;120;"176 ";"181 ";"– ";"– ";"– ";"147 ";"– ";0;75;38;38;56;56;67;3;4;13;16;"Normal";200;2
171;"Lanturn";12;225;"177 ";"182 ";"– ";"– ";"– ";"148 ";"– ";0;125;58;58;76;76;67;3;4;13;16;"Normal";201;2
172;"Pichu";3;20;"021 ";"155 ";"103 ";"– ";"035 ";"– ";"– ";0;20;40;15;35;35;60;4;19;8;16;"Normal";25;2
173;"Cleffa";3;30;"040 ";"203 ";"099 ";"088 ";"– ";"– ";"– ";0;50;25;28;45;55;15;18;19;8;16;"Normal";36;2
174;"Igglybuff";3;10;"043 ";"137 ";"233 ";"281 ";"– ";"– ";"119 ";0;90;30;15;40;20;15;1;18;8;16;"Normal";729;2
175;"Togepi";3;15;"046 ";"– ";"173 ";"– ";"– ";"– ";"– ";0;35;20;65;40;65;20;18;19;8;16;"Normal";202;2
176;"Togetic";6;32;"047 ";"– ";"174 ";"– ";"– ";"– ";"– ";0;55;40;85;80;105;40;18;10;4;6;"Normal";203;2
177;"Natu";2;20;"161 ";"162 ";"– ";"– ";"– ";"– ";"– ";0;40;50;45;70;45;70;11;10;4;16;"Normal";205;2
178;"Xatu";15;150;"162 ";"163 ";"– ";"– ";"– ";"– ";"– ";0;65;75;70;95;70;95;11;10;4;16;"Normal";206;2
179;"Mareep";6;78;"053 ";"– ";"– ";"025 ";"– ";"127 ";"– ";0;55;40;40;65;45;35;4;19;1;5;"Normal";207;2
180;"Flaaffy";8;133;"054 ";"– ";"– ";"026 ";"– ";"128 ";"– ";0;70;55;55;80;60;45;4;19;1;5;"Normal";208;2
181;"Ampharos";14;615;"055 ";"– ";"– ";"027 ";"– ";"129 ";"– ";0;90;75;85;115;90;55;4;19;1;5;"Normal";209;2
182;"Bellossom";4;58;"086 ";"091 ";"– ";"– ";"108 ";"– ";"– ";0;75;80;95;90;100;50;5;19;7;16;"Normal";47;2
183;"Marill";4;85;"132 ";"055 ";"125 ";"031 ";"042 ";"– ";"– ";0;70;20;50;20;50;40;3;18;2;6;"Normal";211;2
184;"Azumarill";8;285;"133 ";"056 ";"126 ";"032 ";"043 ";"– ";"– ";0;100;50;80;60;80;50;3;18;2;6;"Normal";212;2
185;"Sudowoodo";12;380;"107 ";"234 ";"093 ";"– ";"– ";"– ";"130 ";0;70;100;115;30;65;30;13;19;11;16;"Normal";214;2
186;"Politoed";11;339;"075 ";"– ";"223 ";"– ";"– ";"– ";"036 ";0;90;75;75;90;100;70;3;19;2;16;"Normal";65;2
187;"Hoppip";4;5;"067 ";"– ";"– ";"– ";"135 ";"– ";"– ";0;35;35;40;35;55;50;5;10;6;7;"Normal";215;2
188;"Skiploom";6;10;"068 ";"– ";"– ";"– ";"136 ";"– ";"– ";0;55;45;50;45;65;80;5;10;6;7;"Normal";216;2
189;"Jumpluff";8;30;"069 ";"– ";"– ";"– ";"137 ";"– ";"– ";0;75;55;70;55;95;110;5;10;6;7;"Normal";217;2
190;"Aipom";8;115;"123 ";"243 ";"063 ";"– ";"– ";"– ";"– ";0;55;70;55;40;55;85;1;19;5;16;"Normal";218;2
191;"Sunkern";3;18;"103 ";"– ";"– ";"020 ";"– ";"– ";"– ";0;30;30;30;30;30;30;5;19;7;16;"Normal";220;2
192;"Sunflora";8;85;"104 ";"– ";"– ";"021 ";"– ";"– ";"Sunkern";0;75;75;55;105;85;30;5;19;7;16;"Normal";221;2
193;"Yanma";12;380;"101 ";"240 ";"183 ";"286 ";"– ";"087 ";"– ";0;65;65;45;75;45;95;12;10;3;16;"Normal";222;2
194;"Wooper";4;85;"056 ";"241 ";"117 ";"– ";"– ";"– ";"017 ";0;55;45;45;25;25;15;3;9;2;5;"Normal";224;2
195;"Quagsire";14;750;"057 ";"242 ";"118 ";"– ";"– ";"– ";"018 ";0;95;85;85;65;65;35;3;9;2;5;"Normal";225;2
196;"Espeon";9;265;"188 ";"– ";"167 ";"095 ";"– ";"081 ";"– ";0;65;65;60;130;95;110;11;19;5;16;"Normal";157;2
197;"Umbreon";10;270;"189 ";"– ";"168 ";"096 ";"– ";"082 ";"– ";0;95;65;110;60;130;65;16;19;5;16;"Normal";158;2
198;"Murkrow";5;21;"213 ";"– ";"074 ";"– ";"– ";"– ";"051 ";0;60;85;42;85;42;91;16;10;4;16;"Normal";226;2
199;"Slowking";20;795;"082 ";"237 ";"– ";"– ";"– ";"135 ";"– ";0;95;75;80;100;110;30;3;11;1;2;"Normal";84;2
200;"Misdreavus";7;10;"219 ";"– ";"072 ";"– ";"– ";"– ";"– ";0;60;60;60;85;85;85;14;19;12;16;"Normal";228;2
201;"Unown";5;50;"061 ";"– ";"114 ";"– ";"– ";"– ";"– ";0;48;72;48;72;48;48;11;19;8;16;"Normal";230;2
202;"Wobbuffet";13;285;"108 ";"161 ";"– ";"– ";"– ";"119 ";"– ";0;190;33;58;33;58;33;11;19;12;16;"Normal";232;2
203;"Girafarig";15;415;"149 ";"164 ";"121 ";"– ";"– ";"– ";"– ";0;70;80;65;90;65;85;1;11;5;16;"Normal";233;2
204;"Pineco";6;72;"093 ";"222 ";"– ";"– ";"– ";"– ";"– ";0;50;65;90;35;35;15;12;19;3;16;"Normal";234;2
205;"Forretress";12;1258;"094 ";"223 ";"– ";"– ";"– ";"– ";"– ";0;75;90;140;60;60;40;12;17;3;16;"Normal";235;2
206;"Dunsparce";15;140;"052 ";"244 ";"– ";"035 ";"040 ";"– ";"– ";0;100;70;70;65;65;45;1;19;5;16;"Normal";236;2
207;"Gligar";11;648;"193 ";"– ";"153 ";"221 ";"– ";"– ";"115 ";0;65;75;105;35;65;85;9;10;3;16;"Normal";237;2
208;"Steelix";92;4000;"063 ";"227 ";"035 ";"072 ";"– ";"054 ";"– ";0;75;85;200;55;65;30;17;9;11;16;"Normal";101;2
209;"Snubbull";6;78;"125 ";"213 ";"– ";"– ";"– ";"071 ";"– ";0;60;80;50;40;40;30;18;19;5;6;"Normal";239;2
210;"Granbull";14;487;"126 ";"214 ";"– ";"– ";"– ";"072 ";"– ";0;90;120;75;60;60;45;18;19;5;6;"Normal";240;2
211;"Qwilfish";5;39;"163 ";"– ";"224 ";"– ";"– ";"038 ";"– ";0;65;95;75;55;55;85;3;8;13;16;"Normal";241;2
212;"Scizor";18;1180;"112 ";"– ";"196 ";"– ";"– ";"– ";"137 ";0;70;130;100;55;80;65;12;17;3;16;"Normal";139;2
213;"Shuckle";6;205;"168 ";"228 ";"– ";"232 ";"– ";"– ";"014 ";0;20;10;230;10;230;5;12;13;3;16;"Normal";242;2
214;"Heracross";15;540;"114 ";"168 ";"062 ";"145 ";"– ";"131 ";"– ";0;80;125;75;40;95;85;12;7;3;16;"Normal";243;2
215;"Sneasel";9;280;"218 ";"238 ";"144 ";"252 ";"– ";"– ";"091 ";0;55;95;55;35;75;115;16;6;5;16;"Normal";244;2
216;"Teddiursa";6;88;"198 ";"– ";"– ";"– ";"– ";"– ";"132 ";0;60;80;50;50;50;40;1;19;5;16;"Normal";246;2
217;"Ursaring";18;1258;"199 ";"– ";"– ";"– ";"– ";"– ";"133 ";0;90;130;75;75;75;55;1;19;5;16;"Normal";247;2
218;"Slugma";7;350;"216 ";"103 ";"– ";"– ";"– ";"– ";"012 ";0;40;40;40;70;40;20;2;13;12;16;"Normal";248;2
219;"Magcargo";8;550;"217 ";"104 ";"– ";"– ";"– ";"– ";"013 ";0;50;50;120;80;80;30;2;13;12;16;"Normal";249;2
220;"Swinub";4;65;"195 ";"– ";"203 ";"258 ";"– ";"– ";"076 ";0;50;50;40;30;30;50;6;9;5;16;"Normal";250;2
221;"Piloswine";11;558;"196 ";"– ";"204 ";"259 ";"– ";"– ";"077 ";0;100;100;80;60;60;50;6;9;5;16;"Normal";251;2
222;"Corsola";6;50;"173 ";"180 ";"– ";"237 ";"– ";"146 ";"– ";0;55;55;85;65;85;35;3;13;2;10;"Normal";253;2
223;"Remoraid";6;120;"174 ";"– ";"132 ";"235 ";"– ";"144 ";"– ";0;35;65;35;65;35;65;3;19;2;13;"Normal";254;2
224;"Octillery";9;285;"175 ";"– ";"133 ";"236 ";"– ";"145 ";"– ";0;75;105;75;105;75;45;3;19;2;13;"Normal";255;2
225;"Delibird";9;160;"194 ";"– ";"– ";"254 ";"– ";"– ";"090 ";0;45;55;45;65;45;75;6;10;2;5;"Normal";256;2
226;"Mantine";21;2200;"202 ";"225 ";"141 ";"234 ";"– ";"140 ";"– ";0;65;40;70;80;140;70;3;10;2;16;"Normal";258;2
227;"Skarmory";17;505;"203 ";"115 ";"– ";"203 ";"– ";"– ";"112 ";0;65;80;140;40;70;70;17;10;4;16;"Normal";259;2
228;"Houndour";6;108;"214 ";"– ";"176 ";"– ";"– ";"075 ";"– ";0;45;60;30;80;50;65;16;2;5;16;"Normal";260;2
229;"Houndoom";14;350;"215 ";"– ";"177 ";"– ";"– ";"076 ";"– ";0;75;90;50;110;80;95;16;2;5;16;"Normal";261;2
230;"Kingdra";18;1520;"192 ";"186 ";"238 ";"– ";"– ";"041 ";"– ";0;75;95;95;95;95;85;3;15;2;15;"Normal";131;2
231;"Phanpy";5;335;"200 ";"165 ";"231 ";"– ";"– ";"– ";"– ";0;90;60;60;40;40;40;9;19;5;16;"Normal";262;2
232;"Donphan";11;1200;"201 ";"166 ";"232 ";"– ";"– ";"– ";"– ";0;90;120;120;60;60;50;9;19;5;16;"Normal";263;2
233;"Porygon2";6;325;"221 ";"– ";"193 ";"– ";"– ";"– ";"– ";0;85;80;90;105;95;60;1;19;11;16;"Normal";163;2
234;"Stantler";14;712;"131 ";"– ";"– ";"– ";"– ";"– ";"– ";0;73;95;62;85;65;85;1;19;5;16;"Normal";264;2
235;"Smeargle";12;580;"159 ";"229 ";"– ";"– ";"124 ";"– ";"– ";0;55;20;35;20;45;75;1;19;5;16;"Normal";265;2
236;"Tyrogue";7;210;"145 ";"– ";"– ";"– ";"– ";"– ";"– ";0;35;35;35;35;35;35;7;19;8;16;"Normal";112;2
237;"Hitmontop";14;480;"148 ";"– ";"– ";"– ";"– ";"– ";"– ";0;50;95;95;35;110;70;7;19;9;16;"Normal";115;2
238;"Smoochum";4;60;"154 ";"– ";"239 ";"– ";"– ";"– ";"083 ";0;45;30;15;85;65;65;6;11;8;16;"Normal";140;2
239;"Elekid";6;235;"156 ";"209 ";"197 ";"056 ";"– ";"– ";"– ";0;45;63;37;65;55;95;4;19;8;16;"Normal";142;2
240;"Magby";7;214;"152 ";"– ";"200 ";"053 ";"– ";"– ";"– ";0;45;75;37;70;55;83;2;19;8;16;"Normal";145;2
241;"Miltank";12;755;"151 ";"– ";"– ";"– ";"– ";"126 ";"– ";0;95;80;105;40;70;100;1;19;5;16;"Normal";266;2
242;"Blissey";15;468;"223 ";"232 ";"098 ";"– ";"– ";"– ";"– ";0;255;10;10;75;135;55;1;19;6;16;"Normal";125;2
243;"Raikou";19;1780;"243 ";"– ";"– ";"– ";"– ";"– ";"– ";0;90;85;75;115;100;115;4;19;8;16;"Normal";267;2
244;"Entei";21;1980;"244 ";"– ";"– ";"– ";"– ";"– ";"– ";0;115;115;85;90;75;100;2;19;8;16;"Normal";268;2
245;"Suicune";20;1870;"245 ";"– ";"– ";"– ";"– ";"– ";"– ";0;100;75;115;90;115;85;3;19;8;16;"Normal";269;2
246;"Larvitar";6;720;"249 ";"– ";"– ";"292 ";"– ";"– ";"102 ";0;50;64;50;45;50;41;13;9;1;16;"Normal";270;2
247;"Pupitar";12;1520;"250 ";"– ";"– ";"293 ";"– ";"– ";"103 ";0;70;84;70;65;70;51;13;9;1;16;"Normal";271;2
248;"Tyranitar";20;2020;"251 ";"– ";"– ";"294 ";"– ";"– ";"104 ";0;100;134;110;95;100;61;13;16;1;16;"Normal";272;2
249;"Lugia";52;2160;"252 ";"– ";"– ";"– ";"– ";"– ";"– ";0;106;90;130;90;154;110;11;10;8;16;"Normal";273;2
250;"Ho-Oh";38;1990;"253 ";"– ";"– ";"– ";"– ";"– ";"– ";0;106;130;90;110;154;90;2;10;8;16;"Normal";274;2
251;"Celebi";6;50;"256 ";"– ";"– ";"– ";"– ";"– ";"– ";0;100;100;100;100;100;100;11;5;8;16;"Normal";275;2
252;"Treecko";5;50;"– ";"001 ";"– ";"– ";"– ";"– ";"– ";0;40;45;35;65;55;70;5;19;1;15;"Normal";276;3
253;"Grovyle";9;216;"– ";"002 ";"– ";"– ";"– ";"– ";"– ";0;50;65;45;85;65;95;5;19;1;15;"Normal";277;3
254;"Sceptile";17;522;"– ";"003 ";"– ";"– ";"– ";"– ";"– ";0;70;85;65;105;85;120;5;19;1;15;"Normal";278;3
255;"Torchic";4;25;"– ";"004 ";"– ";"– ";"– ";"– ";"– ";0;45;60;40;70;50;45;2;19;5;16;"Normal";279;3
256;"Combusken";9;195;"– ";"005 ";"– ";"– ";"– ";"– ";"– ";0;60;85;60;85;60;55;2;7;5;16;"Normal";280;3
257;"Blaziken";19;520;"– ";"006 ";"– ";"– ";"– ";"– ";"– ";0;80;120;70;110;70;80;2;7;5;16;"Normal";281;3
258;"Mudkip";4;76;"– ";"007 ";"– ";"– ";"– ";"– ";"– ";0;50;70;50;50;50;40;3;19;1;2;"Normal";282;3
259;"Marshtomp";7;280;"– ";"008 ";"– ";"– ";"– ";"– ";"– ";0;70;85;70;60;70;50;3;9;1;2;"Normal";283;3
260;"Swampert";15;819;"– ";"009 ";"– ";"– ";"– ";"– ";"– ";0;100;110;90;85;90;60;3;9;1;2;"Normal";284;3
261;"Poochyena";5;136;"– ";"010 ";"– ";"– ";"– ";"– ";"044 ";0;35;55;35;30;30;35;16;19;5;16;"Normal";285;3
262;"Mightyena";10;370;"– ";"011 ";"– ";"– ";"– ";"– ";"045 ";0;70;90;70;60;60;70;16;19;5;16;"Normal";286;3
263;"Zigzagoon";4;175;"– ";"012 ";"– ";"– ";"012 ";"– ";"– ";0;38;30;41;30;41;60;1;19;5;16;"Normal";287;3
264;"Linoone";5;325;"– ";"013 ";"– ";"– ";"013 ";"– ";"– ";0;78;70;61;50;61;100;1;19;5;16;"Normal";288;3
265;"Wurmple";3;36;"– ";"014 ";"048 ";"– ";"– ";"– ";"– ";0;45;45;35;20;30;20;12;19;3;16;"Normal";289;3
266;"Silcoon";6;100;"– ";"015 ";"049 ";"– ";"– ";"– ";"– ";0;50;35;55;25;25;15;12;19;3;16;"Normal";290;3
267;"Beautifly";10;284;"– ";"016 ";"050 ";"– ";"– ";"– ";"– ";0;60;70;50;100;50;65;12;10;3;16;"Normal";292;3
268;"Cascoon";7;115;"– ";"017 ";"051 ";"– ";"– ";"– ";"– ";0;50;35;55;25;25;15;12;19;3;16;"Normal";291;3
269;"Dustox";12;316;"– ";"018 ";"052 ";"– ";"– ";"– ";"– ";0;60;50;70;50;90;65;12;8;3;16;"Normal";293;3
270;"Lotad";5;26;"– ";"019 ";"– ";"– ";"– ";"– ";"055 ";0;40;30;30;40;50;30;3;5;2;7;"Normal";294;3
271;"Lombre";12;325;"– ";"020 ";"– ";"– ";"– ";"– ";"056 ";0;60;50;50;60;70;50;3;5;2;7;"Normal";295;3
272;"Ludicolo";15;550;"– ";"021 ";"– ";"– ";"– ";"– ";"057 ";0;80;70;70;90;100;70;3;5;2;7;"Normal";296;3
273;"Seedot";5;40;"– ";"022 ";"– ";"– ";"– ";"– ";"– ";0;40;40;50;30;30;30;5;19;5;7;"Normal";297;3
274;"Nuzleaf";10;280;"– ";"023 ";"– ";"– ";"– ";"– ";"– ";0;70;70;40;60;40;60;5;16;5;7;"Normal";298;3
275;"Shiftry";13;596;"– ";"024 ";"– ";"– ";"– ";"– ";"– ";0;90;100;60;90;60;80;5;16;5;7;"Normal";299;3
276;"Taillow";3;23;"– ";"025 ";"– ";"– ";"– ";"019 ";"– ";0;40;55;30;30;30;85;1;10;4;16;"Normal";300;3
277;"Swellow";7;198;"– ";"026 ";"– ";"– ";"– ";"020 ";"– ";0;60;85;60;50;50;125;1;10;4;16;"Normal";301;3
278;"Wingull";6;95;"– ";"027 ";"119 ";"212 ";"– ";"017 ";"– ";0;40;30;30;55;30;85;3;10;2;4;"Normal";302;3
279;"Pelipper";12;280;"– ";"028 ";"120 ";"213 ";"– ";"018 ";"– ";0;60;50;100;85;70;65;3;10;2;4;"Normal";303;3
280;"Ralts";4;66;"– ";"029 ";"157 ";"– ";"064 ";"– ";"– ";0;28;25;25;45;35;40;11;18;12;16;"Normal";304;3
281;"Kirlia";8;202;"– ";"030 ";"158 ";"– ";"065 ";"– ";"– ";0;38;35;35;65;55;50;11;18;12;16;"Normal";305;3
282;"Gardevoir";16;484;"– ";"031 ";"159 ";"– ";"066 ";"– ";"– ";0;68;65;65;125;115;80;11;18;12;16;"Normal";306;3
283;"Surskit";5;17;"– ";"032 ";"– ";"– ";"047 ";"– ";"– ";0;40;30;32;50;52;65;12;3;2;3;"Normal";308;3
284;"Masquerain";8;36;"– ";"033 ";"– ";"– ";"048 ";"– ";"– ";0;70;60;62;80;82;60;12;10;2;3;"Normal";309;3
285;"Shroomish";4;45;"– ";"034 ";"211 ";"– ";"– ";"– ";"– ";0;60;40;60;40;60;35;5;19;6;7;"Normal";310;3
286;"Breloom";12;392;"– ";"035 ";"212 ";"– ";"– ";"– ";"– ";0;60;130;80;60;60;70;5;7;6;7;"Normal";311;3
287;"Slakoth";8;240;"– ";"036 ";"213 ";"276 ";"– ";"– ";"– ";0;60;60;60;35;35;30;1;19;5;16;"Normal";312;3
288;"Vigoroth";14;465;"– ";"037 ";"214 ";"277 ";"– ";"– ";"– ";0;80;80;80;55;55;90;1;19;5;16;"Normal";313;3
289;"Slaking";20;1305;"– ";"038 ";"215 ";"278 ";"– ";"– ";"– ";0;150;160;100;95;65;100;1;19;5;16;"Normal";314;3
290;"Nincada";5;55;"– ";"042 ";"– ";"– ";"111 ";"– ";"– ";0;31;45;90;30;30;40;12;9;3;16;"Normal";315;3
291;"Ninjask";8;120;"– ";"043 ";"– ";"– ";"112 ";"– ";"– ";0;61;90;45;50;50;160;12;10;3;16;"Normal";316;3
292;"Shedinja";8;12;"– ";"044 ";"– ";"– ";"113 ";"– ";"– ";0;1;90;45;30;30;40;12;14;11;16;"Normal";317;3
293;"Whismur";6;163;"– ";"045 ";"– ";"– ";"140 ";"– ";"– ";0;64;51;23;51;23;28;1;19;1;5;"Normal";318;3
294;"Loudred";10;405;"– ";"046 ";"– ";"– ";"141 ";"– ";"– ";0;84;71;43;71;43;48;1;19;1;5;"Normal";319;3
295;"Exploud";15;840;"– ";"047 ";"– ";"– ";"142 ";"– ";"– ";0;104;91;63;91;73;68;1;19;1;5;"Normal";320;3
296;"Makuhita";10;864;"– ";"048 ";"– ";"– ";"– ";"095 ";"– ";0;72;60;30;20;30;25;7;19;9;16;"Normal";321;3
297;"Hariyama";23;2538;"– ";"049 ";"– ";"– ";"– ";"096 ";"– ";0;144;120;60;40;60;50;7;19;9;16;"Normal";322;3
298;"Azurill";2;20;"– ";"054 ";"124 ";"030 ";"041 ";"– ";"– ";0;50;20;40;20;40;20;1;18;8;16;"Normal";210;3
299;"Nosepass";10;970;"– ";"060 ";"155 ";"164 ";"– ";"093 ";"– ";0;30;45;135;45;90;30;13;19;11;16;"Normal";323;3
300;"Skitty";6;110;"– ";"061 ";"– ";"078 ";"078 ";"– ";"– ";0;50;45;45;35;35;50;1;19;5;6;"Normal";325;3
301;"Delcatty";11;326;"– ";"062 ";"– ";"079 ";"079 ";"– ";"– ";0;70;65;65;55;55;70;1;19;5;6;"Normal";326;3
302;"Sableye";5;110;"– ";"068 ";"225 ";"– ";"– ";"123 ";"– ";0;50;75;75;65;65;50;16;14;9;16;"Normal";327;3
303;"Mawile";6;115;"– ";"069 ";"– ";"– ";"– ";"063 ";"– ";0;50;85;85;55;55;50;17;18;5;6;"Normal";328;3
304;"Aron";4;600;"– ";"070 ";"228 ";"166 ";"– ";"– ";"099 ";0;50;70;100;40;40;30;17;13;1;16;"Normal";329;3
305;"Lairon";9;1200;"– ";"071 ";"229 ";"167 ";"– ";"– ";"100 ";0;60;90;140;50;50;40;17;13;1;16;"Normal";330;3
306;"Aggron";21;3600;"– ";"072 ";"230 ";"168 ";"– ";"– ";"101 ";0;70;110;180;60;60;50;17;13;1;16;"Normal";331;3
307;"Meditite";6;112;"– ";"076 ";"086 ";"– ";"143 ";"– ";"– ";0;30;40;55;40;55;60;7;11;9;16;"Normal";332;3
308;"Medicham";13;315;"– ";"077 ";"087 ";"– ";"144 ";"– ";"– ";0;60;60;75;60;75;80;7;11;9;16;"Normal";333;3
309;"Electrike";6;152;"– ";"078 ";"– ";"– ";"– ";"073 ";"– ";0;40;45;40;65;40;65;4;19;5;16;"Normal";334;3
310;"Manectric";15;402;"– ";"079 ";"– ";"– ";"– ";"074 ";"– ";0;70;75;60;105;60;105;4;19;5;16;"Normal";335;3
311;"Plusle";4;42;"– ";"080 ";"– ";"– ";"096 ";"– ";"– ";0;60;50;40;85;75;95;4;19;6;16;"Normal";336;3
312;"Minun";4;42;"– ";"081 ";"– ";"– ";"097 ";"– ";"– ";0;60;40;50;75;85;95;4;19;6;16;"Normal";337;3
313;"Volbeat";7;177;"– ";"086 ";"– ";"– ";"133 ";"– ";"– ";0;65;73;55;47;75;85;12;19;3;9;"Normal";338;3
314;"Illumise";6;177;"– ";"087 ";"– ";"– ";"134 ";"– ";"– ";0;65;47;55;73;75;85;12;19;3;9;"Normal";339;3
315;"Roselia";3;20;"– ";"094 ";"026 ";"134 ";"072 ";"– ";"– ";0;50;60;45;100;80;65;5;8;6;7;"Normal";341;3
316;"Gulpin";4;103;"– ";"095 ";"– ";"– ";"098 ";"– ";"– ";0;70;43;53;43;53;40;8;19;12;16;"Normal";343;3
317;"Swalot";17;800;"– ";"096 ";"– ";"– ";"099 ";"– ";"– ";0;100;73;83;73;83;55;8;19;12;16;"Normal";344;3
318;"Carvanha";8;208;"– ";"097 ";"– ";"– ";"055 ";"– ";"– ";0;45;90;20;65;20;65;3;16;13;16;"Normal";345;3
319;"Sharpedo";18;888;"– ";"098 ";"– ";"– ";"056 ";"– ";"– ";0;70;120;40;95;40;95;3;16;13;16;"Normal";346;3
320;"Wailmer";20;1300;"– ";"099 ";"– ";"240 ";"– ";"027 ";"– ";0;130;70;35;70;35;60;3;19;5;13;"Normal";347;3
321;"Wailord";145;3980;"– ";"100 ";"– ";"241 ";"– ";"028 ";"– ";0;170;90;45;90;45;60;3;19;5;13;"Normal";348;3
322;"Numel";7;240;"– ";"101 ";"– ";"204 ";"– ";"– ";"– ";0;60;60;40;65;45;35;2;9;5;16;"Normal";349;3
323;"Camerupt";19;2200;"– ";"102 ";"– ";"205 ";"– ";"– ";"– ";0;70;100;70;105;75;40;2;9;5;16;"Normal";350;3
324;"Torkoal";5;804;"– ";"105 ";"– ";"– ";"– ";"– ";"096 ";0;70;85;140;85;70;20;2;19;5;16;"Normal";351;3
325;"Spoink";7;306;"– ";"110 ";"– ";"206 ";"– ";"007 ";"– ";0;60;25;35;70;80;60;11;19;5;16;"Normal";352;3
326;"Grumpig";9;715;"– ";"111 ";"– ";"207 ";"– ";"008 ";"– ";0;80;45;65;90;110;80;11;19;5;16;"Normal";353;3
327;"Spinda";11;50;"– ";"114 ";"– ";"– ";"– ";"– ";"131 ";0;60;60;60;60;60;60;1;19;5;9;"Normal";354;3
328;"Trapinch";7;150;"– ";"116 ";"– ";"121 ";"– ";"– ";"003 ";0;45;100;45;45;45;10;9;19;3;16;"Normal";355;3
329;"Vibrava";11;153;"– ";"117 ";"– ";"122 ";"– ";"– ";"004 ";0;50;70;50;50;50;70;9;15;3;16;"Normal";356;3
330;"Flygon";20;820;"– ";"118 ";"– ";"123 ";"– ";"– ";"005 ";0;80;100;80;80;80;100;9;15;3;16;"Normal";357;3
331;"Cacnea";4;513;"– ";"119 ";"– ";"– ";"– ";"– ";"– ";0;50;85;40;85;40;35;5;19;7;9;"Normal";358;3
332;"Cacturne";13;774;"– ";"120 ";"– ";"– ";"– ";"– ";"– ";0;70;115;60;115;60;55;5;16;7;9;"Normal";359;3
333;"Swablu";4;12;"– ";"121 ";"171 ";"246 ";"– ";"– ";"139 ";0;45;40;60;40;75;50;1;10;4;15;"Normal";360;3
334;"Altaria";11;206;"– ";"122 ";"172 ";"247 ";"– ";"– ";"140 ";0;75;70;90;70;105;80;15;10;4;15;"Normal";361;3
335;"Zangoose";13;403;"– ";"123 ";"217 ";"186 ";"– ";"005 ";"– ";0;73;115;60;60;60;90;1;19;5;16;"Normal";362;3
336;"Seviper";27;525;"– ";"124 ";"– ";"187";"– ";"006 ";"– ";0;73;100;60;100;60;65;8;19;5;15;"Normal";363;3
337;"Lunatone";10;1680;"– ";"125 ";"– ";"214 ";"– ";"012 ";"– ";0;70;55;65;95;85;70;13;11;11;16;"Normal";364;3
338;"Solrock";12;1540;"– ";"126 ";"– ";"215 ";"– ";"013 ";"– ";0;70;95;85;55;65;70;13;11;11;16;"Normal";365;3
339;"Barboach";4;19;"– ";"127 ";"080 ";"– ";"– ";"– ";"040 ";0;50;48;43;46;41;60;3;9;13;16;"Normal";366;3
340;"Whiscash";9;236;"– ";"128 ";"081 ";"– ";"– ";"– ";"041 ";0;110;78;73;76;71;60;3;9;13;16;"Normal";367;3
341;"Corphish";6;115;"– ";"129 ";"– ";"279 ";"051 ";"– ";"– ";0;43;80;65;50;35;35;3;19;2;10;"Normal";368;3
342;"Crawdaunt";11;328;"– ";"130 ";"– ";"280 ";"052 ";"– ";"– ";0;63;120;85;90;55;55;3;16;2;10;"Normal";369;3
343;"Baltoy";5;215;"– ";"131 ";"– ";"169 ";"– ";"– ";"– ";0;40;40;55;40;70;55;9;11;11;16;"Normal";370;3
344;"Claydol";15;1080;"– ";"132 ";"– ";"170 ";"– ";"– ";"– ";0;60;70;105;70;120;75;9;11;11;16;"Normal";371;3
345;"Lileep";10;238;"– ";"133 ";"– ";"– ";"– ";"– ";"– ";0;66;41;77;61;87;23;13;5;10;16;"Normal";372;3
346;"Cradily";15;604;"– ";"134 ";"– ";"– ";"– ";"– ";"– ";0;86;81;97;81;107;43;13;5;10;16;"Normal";373;3
347;"Anorith";7;125;"– ";"135 ";"– ";"– ";"– ";"– ";"– ";0;45;95;50;40;50;75;13;12;10;16;"Normal";374;3
348;"Armaldo";15;682;"– ";"136 ";"– ";"– ";"– ";"– ";"– ";0;75;125;100;70;80;45;13;12;10;16;"Normal";375;3
349;"Feebas";6;74;"– ";"140 ";"138 ";"– ";"– ";"– ";"– ";0;20;15;20;10;55;80;3;19;2;15;"Normal";376;3
350;"Milotic";62;1620;"– ";"141 ";"139 ";"– ";"– ";"– ";"– ";0;95;60;79;100;125;81;3;19;2;15;"Normal";377;3
351;"Castform";3;8;"– ";"142 ";"– ";"163 ";"– ";"– ";"– ";0;70;70;70;70;70;70;1;19;6;12;"Normal";378;3
352;"Kecleon";10;220;"– ";"145 ";"216 ";"– ";"116 ";"– ";"– ";0;60;90;70;60;120;40;1;19;5;16;"Normal";379;3
353;"Shuppet";6;23;"– ";"146 ";"– ";"210 ";"– ";"– ";"122 ";0;44;75;35;63;33;45;14;19;12;16;"Normal";380;3
354;"Banette";11;125;"– ";"147 ";"– ";"211 ";"– ";"– ";"123 ";0;64;115;65;83;63;65;14;19;12;16;"Normal";381;3
355;"Duskull";8;150;"– ";"148 ";"189 ";"– ";"– ";"– ";"– ";0;20;40;90;30;90;25;14;19;12;16;"Normal";382;3
356;"Dusclops";16;306;"– ";"149 ";"190 ";"– ";"– ";"– ";"– ";0;40;70;130;60;130;25;14;19;12;16;"Normal";383;3
357;"Tropius";20;1000;"– ";"150 ";"185 ";"288 ";"– ";"– ";"– ";0;99;68;83;72;87;51;5;10;1;7;"Normal";385;3
358;"Chimecho";6;10;"– ";"151 ";"083 ";"– ";"– ";"112 ";"– ";0;65;50;70;95;80;65;11;19;12;16;"Normal";387;3
359;"Absol";12;470;"– ";"152 ";"209 ";"216 ";"– ";"009 ";"– ";0;65;130;60;75;60;75;16;19;5;16;"Normal";388;3
360;"Wynaut";6;140;"– ";"160 ";"– ";"– ";"– ";"118 ";"– ";0;95;23;48;23;48;23;11;19;8;16;"Normal";231;3
361;"Snorunt";7;168;"– ";"171 ";"206 ";"– ";"– ";"– ";"– ";0;50;50;50;50;50;50;6;19;6;11;"Normal";389;3
362;"Glalie";15;2565;"– ";"172 ";"207 ";"– ";"– ";"– ";"– ";0;80;80;80;80;80;80;6;19;6;11;"Normal";390;3
363;"Spheal";8;395;"– ";"173 ";"– ";"243 ";"– ";"– ";"– ";0;70;40;50;55;50;25;6;3;2;5;"Normal";392;3
364;"Sealeo";11;876;"– ";"174 ";"– ";"244 ";"– ";"– ";"– ";0;90;60;70;75;70;45;6;3;2;5;"Normal";393;3
365;"Walrein";14;1506;"– ";"175 ";"– ";"245 ";"– ";"– ";"– ";0;110;80;90;95;90;65;6;3;2;5;"Normal";394;3
366;"Clamperl";4;525;"– ";"176 ";"– ";"– ";"– ";"141 ";"– ";0;35;64;85;74;55;32;3;19;2;16;"Normal";395;3
367;"Huntail";17;270;"– ";"177 ";"– ";"– ";"– ";"142 ";"– ";0;55;104;105;94;75;52;3;19;2;16;"Normal";396;3
368;"Gorebyss";18;226;"– ";"178 ";"– ";"– ";"– ";"143 ";"– ";0;55;84;105;114;75;52;3;19;2;16;"Normal";397;3
369;"Relicanth";10;234;"– ";"179 ";"– ";"– ";"– ";"042 ";"– ";0;100;90;130;45;65;55;3;13;2;13;"Normal";398;3
370;"Luvdisc";6;87;"– ";"183 ";"– ";"– ";"– ";"029 ";"– ";0;43;30;55;40;65;97;3;19;13;16;"Normal";399;3
371;"Bagon";6;421;"– ";"187 ";"– ";"– ";"– ";"014 ";"– ";0;45;75;60;40;30;50;15;19;15;16;"Normal";400;3
372;"Shelgon";11;1105;"– ";"188 ";"– ";"– ";"– ";"015 ";"– ";0;65;95;100;60;50;50;15;19;15;16;"Normal";401;3
373;"Salamence";15;1026;"– ";"189 ";"– ";"– ";"– ";"016 ";"– ";0;95;135;80;110;80;100;15;10;15;16;"Normal";402;3
374;"Beldum";6;952;"– ";"190 ";"– ";"262 ";"– ";"– ";"– ";0;40;55;80;35;60;30;17;11;11;16;"Normal";403;3
375;"Metang";12;2025;"– ";"191 ";"– ";"263 ";"– ";"– ";"– ";0;60;75;100;55;80;50;17;11;11;16;"Normal";404;3
376;"Metagross";16;5500;"– ";"192 ";"– ";"264 ";"– ";"– ";"– ";0;80;135;130;95;90;70;17;11;11;16;"Normal";405;3
377;"Regirock";17;2300;"– ";"193 ";"– ";"– ";"– ";"– ";"– ";0;80;100;200;50;100;50;13;19;8;16;"Normal";406;3
378;"Regice";18;1750;"– ";"194 ";"– ";"– ";"– ";"– ";"– ";0;80;50;100;100;200;50;6;19;8;16;"Normal";407;3
379;"Registeel";19;2050;"– ";"195 ";"– ";"– ";"– ";"– ";"– ";0;80;75;150;75;150;50;17;19;8;16;"Normal";408;3
380;"Latias";14;400;"– ";"196 ";"– ";"– ";"– ";"– ";"– ";0;80;80;90;110;130;110;15;11;8;16;"Normal";409;3
381;"Latios";20;600;"– ";"197 ";"– ";"– ";"– ";"– ";"– ";0;80;90;80;130;110;110;15;11;8;16;"Normal";410;3
382;"Kyogre";45;3520;"– ";"198 ";"– ";"– ";"– ";"– ";"– ";0;100;100;90;150;140;90;3;19;8;16;"Normal";411;3
383;"Groudon";35;9500;"– ";"199 ";"– ";"– ";"– ";"– ";"– ";0;100;150;140;100;90;90;9;19;8;16;"Normal";412;3
384;"Rayquaza";70;2065;"– ";"200 ";"– ";"– ";"– ";"– ";"– ";0;105;150;90;150;90;95;15;10;8;16;"Normal";413;3
385;"Jirachi";3;11;"– ";"201 ";"– ";"– ";"– ";"– ";"– ";0;100;100;100;100;100;100;17;11;8;16;"Normal";414;3
386;"Deoxys";17;608;"– ";"202 ";"– ";"– ";"– ";"– ";"– ";0;50;180;20;180;20;150;11;19;8;16;"Attack";415;3
386;"Deoxys";17;608;"– ";"202 ";"– ";"– ";"– ";"– ";"– ";0;50;70;160;70;160;90;11;19;8;16;"Defense";415;3
386;"Deoxys";17;608;"– ";"202 ";"– ";"– ";"– ";"– ";"– ";0;50;150;50;150;50;150;11;19;8;16;"Normal";415;3
386;"Deoxys";17;608;"– ";"202 ";"– ";"– ";"– ";"– ";"– ";0;50;95;90;95;90;180;11;19;8;16;"Speed";415;3
387;"Turtwig";4;102;"– ";"– ";"001 ";"– ";"– ";"– ";"– ";0;55;68;64;45;55;31;5;19;1;7;"Normal";416;4
388;"Grotle";11;970;"– ";"– ";"002 ";"– ";"– ";"– ";"– ";0;75;89;85;55;65;36;5;19;1;7;"Normal";417;4
389;"Torterra";22;3100;"– ";"– ";"003 ";"– ";"– ";"– ";"– ";0;95;109;105;75;85;56;5;9;1;7;"Normal";418;4
390;"Chimchar";5;62;"– ";"– ";"004 ";"– ";"– ";"– ";"– ";0;44;58;44;58;44;61;2;19;5;9;"Normal";419;4
391;"Monferno";9;220;"– ";"– ";"005 ";"– ";"– ";"– ";"– ";0;64;78;52;78;52;81;2;7;5;9;"Normal";420;4
392;"Infernape";12;550;"– ";"– ";"006 ";"– ";"– ";"– ";"– ";0;76;104;71;104;71;108;2;7;5;9;"Normal";421;4
393;"Piplup";4;52;"– ";"– ";"007 ";"– ";"– ";"– ";"– ";0;53;51;53;61;56;40;3;19;2;5;"Normal";422;4
394;"Prinplup";8;230;"– ";"– ";"008 ";"– ";"– ";"– ";"– ";0;64;66;68;81;76;50;3;19;2;5;"Normal";423;4
395;"Empoleon";17;845;"– ";"– ";"009 ";"– ";"– ";"– ";"– ";0;84;86;88;111;101;60;3;17;2;5;"Normal";424;4
396;"Starly";3;20;"– ";"– ";"010 ";"– ";"– ";"099 ";"– ";0;40;55;30;30;30;60;1;10;4;16;"Normal";425;4
397;"Staravia";6;155;"– ";"– ";"011 ";"– ";"– ";"100 ";"– ";0;55;75;50;40;40;80;1;10;4;16;"Normal";426;4
398;"Staraptor";12;249;"– ";"– ";"012 ";"– ";"– ";"101 ";"– ";0;85;120;70;50;60;100;1;10;4;16;"Normal";427;4
399;"Bidoof";5;200;"– ";"– ";"013 ";"– ";"038 ";"– ";"– ";0;59;45;40;35;40;31;1;19;2;5;"Normal";428;4
400;"Bibarel";10;315;"– ";"– ";"014 ";"– ";"039 ";"– ";"– ";0;79;85;60;55;60;71;1;3;2;5;"Normal";429;4
401;"Kricketot";3;22;"– ";"– ";"015 ";"– ";"– ";"– ";"– ";0;37;25;41;25;41;25;12;19;3;16;"Normal";430;4
402;"Kricketune";10;255;"– ";"– ";"016 ";"– ";"– ";"– ";"– ";0;77;85;51;55;51;65;12;19;3;16;"Normal";431;4
403;"Shinx";5;95;"– ";"– ";"017 ";"– ";"– ";"– ";"– ";0;45;65;34;40;34;45;4;19;5;16;"Normal";432;4
404;"Luxio";9;305;"– ";"– ";"018 ";"– ";"– ";"– ";"– ";0;60;85;49;60;49;60;4;19;5;16;"Normal";433;4
405;"Luxray";14;420;"– ";"– ";"019 ";"– ";"– ";"– ";"– ";0;80;120;79;95;79;70;4;19;5;16;"Normal";434;4
406;"Budew";2;12;"– ";"– ";"025 ";"133 ";"071 ";"– ";"– ";0;40;30;35;50;70;55;5;8;8;16;"Normal";340;4
407;"Roserade";9;145;"– ";"– ";"027 ";"135 ";"073 ";"– ";"– ";0;60;70;65;125;105;90;5;8;6;7;"Normal";342;4
408;"Cranidos";9;315;"– ";"– ";"036 ";"– ";"– ";"– ";"– ";0;67;125;40;30;30;58;13;19;1;16;"Normal";435;4
409;"Rampardos";16;1025;"– ";"– ";"037 ";"– ";"– ";"– ";"– ";0;97;165;60;65;50;58;13;19;1;16;"Normal";436;4
410;"Shieldon";5;570;"– ";"– ";"038 ";"– ";"– ";"– ";"– ";0;30;42;118;42;88;30;13;17;1;16;"Normal";437;4
411;"Bastiodon";13;1495;"– ";"– ";"039 ";"– ";"– ";"– ";"– ";0;60;52;168;47;138;30;13;17;1;16;"Normal";438;4
412;"Burmy";2;34;"– ";"– ";"045 ";"– ";"044 ";"– ";"– ";0;40;29;45;29;45;36;12;19;3;16;"Normal";439;4
413;"Wormadam";5;65;"– ";"– ";"046 ";"– ";"045 ";"– ";"– ";0;60;59;85;79;105;36;12;9;3;16;"Plant";440;4
413;"Wormadam";5;65;"– ";"– ";"046 ";"– ";"045 ";"– ";"– ";0;60;79;105;59;85;36;12;5;3;16;"Sandy";440;4
413;"Wormadam";5;65;"– ";"– ";"046 ";"– ";"045 ";"– ";"– ";0;60;69;95;69;95;36;12;17;3;16;"Trash";440;4
414;"Mothim";9;233;"– ";"– ";"047 ";"– ";"046 ";"– ";"– ";0;70;94;50;94;50;66;12;10;3;16;"Normal";443;4
415;"Combee";3;55;"– ";"– ";"053 ";"142 ";"076 ";"– ";"– ";0;30;30;42;30;42;70;12;10;3;16;"Normal";444;4
416;"Vespiquen";12;385;"– ";"– ";"054 ";"143 ";"077 ";"– ";"– ";0;70;80;102;80;102;40;12;10;3;16;"Normal";445;4
417;"Pachirisu";4;39;"– ";"– ";"055 ";"– ";"– ";"132 ";"– ";0;60;45;70;45;90;95;4;19;5;6;"Normal";446;4
418;"Buizel";7;295;"– ";"– ";"056 ";"149 ";"– ";"– ";"058 ";0;55;65;35;60;30;85;3;19;2;5;"Normal";447;4
419;"Floatzel";11;335;"– ";"– ";"057 ";"150 ";"– ";"– ";"059 ";0;85;105;55;85;50;115;3;19;2;5;"Normal";448;4
420;"Cherubi";4;33;"– ";"– ";"058 ";"– ";"– ";"– ";"– ";0;45;35;45;62;53;35;5;19;6;7;"Normal";449;4
421;"Cherrim";5;93;"– ";"– ";"059 ";"– ";"– ";"– ";"– ";0;70;60;70;87;78;85;5;19;6;7;"Normal";450;4
422;"Shellos";3;63;"– ";"– ";"060 ";"– ";"– ";"– ";"– ";0;76;48;48;57;62;34;3;19;2;12;"Normal";452;4
423;"Gastrodon";9;299;"– ";"– ";"061 ";"– ";"– ";"– ";"– ";0;111;83;68;92;82;39;3;9;2;12;"Normal";454;4
424;"Ambipom";12;203;"124 ";"– ";"064 ";"– ";"– ";"– ";"– ";0;75;100;66;60;66;115;1;19;5;16;"Normal";219;4
425;"Drifloon";4;12;"– ";"– ";"065 ";"208 ";"– ";"001 ";"– ";0;90;50;34;60;44;70;14;10;12;16;"Normal";455;4
426;"Drifblim";12;150;"– ";"– ";"066 ";"209 ";"– ";"002 ";"– ";0;150;80;44;90;54;80;14;10;12;16;"Normal";456;4
427;"Buneary";4;55;"– ";"– ";"067 ";"080 ";"– ";"– ";"– ";0;55;66;44;44;56;85;1;19;5;9;"Normal";457;4
428;"Lopunny";12;333;"– ";"– ";"068 ";"081 ";"– ";"– ";"– ";0;65;76;84;54;96;105;1;19;5;9;"Normal";458;4
429;"Mismagius";9;44;"– ";"– ";"073 ";"– ";"– ";"– ";"– ";0;60;60;60;105;105;105;14;19;12;16;"Normal";229;4
430;"Honchkrow";9;273;"– ";"– ";"075 ";"– ";"– ";"– ";"052 ";0;100;125;52;105;52;71;16;10;4;16;"Normal";227;4
431;"Glameow";5;39;"– ";"– ";"076 ";"– ";"– ";"– ";"– ";0;49;55;42;42;37;85;1;19;5;16;"Normal";459;4
432;"Purugly";10;438;"– ";"– ";"077 ";"– ";"– ";"– ";"– ";0;71;82;64;64;59;112;1;19;5;16;"Normal";460;4
433;"Chingling";2;6;"– ";"– ";"082 ";"– ";"– ";"111 ";"– ";0;45;30;50;65;50;45;11;19;8;16;"Normal";386;4
434;"Stunky";4;192;"– ";"– ";"084 ";"– ";"– ";"102 ";"– ";0;63;63;47;41;41;74;8;16;5;16;"Normal";461;4
435;"Skuntank";10;380;"– ";"– ";"085 ";"– ";"– ";"103 ";"– ";0;103;93;67;71;61;84;8;16;5;16;"Normal";462;4
436;"Bronzor";5;605;"– ";"– ";"088 ";"250 ";"– ";"– ";"– ";0;57;24;86;24;86;23;17;11;11;16;"Normal";463;4
437;"Bronzong";13;1870;"– ";"– ";"089 ";"251 ";"– ";"– ";"– ";0;67;89;116;79;116;33;17;11;11;16;"Normal";464;4
438;"Bonsly";5;150;"– ";"– ";"092 ";"– ";"– ";"– ";"129 ";0;50;80;95;10;45;10;13;19;8;16;"Normal";213;4
439;"Mime Jr";6;130;"– ";"– ";"094 ";"– ";"– ";"113 ";"– ";0;20;25;45;70;90;60;11;18;8;16;"Normal";136;4
440;"Happiny";6;244;"– ";"– ";"096 ";"– ";"– ";"– ";"– ";0;100;5;5;15;65;30;1;19;8;16;"Normal";123;4
441;"Chatot";5;19;"– ";"– ";"102 ";"– ";"– ";"138 ";"– ";0;76;65;45;92;42;91;1;10;4;16;"Normal";465;4
442;"Spiritomb";10;1080;"– ";"– ";"108 ";"– ";"– ";"– ";"– ";0;50;92;108;92;108;35;14;16;12;16;"Normal";466;4
443;"Gible";7;205;"– ";"– ";"109 ";"– ";"– ";"– ";"006 ";0;58;70;45;40;45;42;15;9;1;15;"Normal";467;4
444;"Gabite";14;560;"– ";"– ";"110 ";"– ";"– ";"– ";"007 ";0;68;90;65;50;55;82;15;9;1;15;"Normal";468;4
445;"Garchomp";19;950;"– ";"– ";"111 ";"– ";"– ";"– ";"008 ";1;108;130;95;80;85;102;15;9;1;15;"Normal";469;4
446;"Munchlax";6;1050;"– ";"– ";"112 ";"– ";"138 ";"– ";"– ";0;135;85;40;40;85;5;1;19;8;16;"Normal";170;4
447;"Riolu";7;202;"– ";"– ";"115 ";"033 ";"062 ";"– ";"– ";0;40;70;40;35;40;60;7;19;8;16;"Normal";470;4
448;"Lucario";12;540;"– ";"– ";"116 ";"034 ";"063 ";"– ";"– ";0;70;110;70;115;70;90;7;17;5;9;"Normal";471;4
449;"Hippopotas";8;495;"– ";"– ";"122 ";"– ";"– ";"048 ";"– ";0;68;72;78;38;42;32;9;19;5;16;"Normal";472;4
450;"Hippowdon";20;3000;"– ";"– ";"123 ";"– ";"– ";"049 ";"– ";0;108;112;118;68;72;47;9;19;5;16;"Normal";473;4
451;"Skorupi";8;120;"– ";"– ";"127 ";"201 ";"– ";"– ";"015 ";0;40;50;90;30;55;65;8;12;3;10;"Normal";474;4
452;"Drapion";13;615;"– ";"– ";"128 ";"202 ";"– ";"– ";"016 ";0;70;90;110;60;75;95;8;16;3;10;"Normal";475;4
453;"Croagunk";7;230;"– ";"– ";"129 ";"290 ";"125 ";"– ";"– ";0;48;61;40;61;40;50;8;7;9;16;"Normal";476;4
454;"Toxicroak";13;444;"– ";"– ";"130 ";"291 ";"126 ";"– ";"– ";0;83;106;65;86;65;85;8;7;9;16;"Normal";477;4
455;"Carnivine";14;270;"– ";"– ";"131 ";"289 ";"– ";"– ";"029 ";0;74;100;72;90;72;46;5;19;7;16;"Normal";478;4
456;"Finneon";4;70;"– ";"– ";"134 ";"– ";"– ";"– ";"– ";0;49;49;56;49;61;66;3;19;13;16;"Normal";479;4
457;"Lumineon";12;240;"– ";"– ";"135 ";"– ";"– ";"– ";"– ";0;69;69;76;69;86;91;3;19;13;16;"Normal";480;4
458;"Mantyke";10;650;"– ";"– ";"140 ";"233 ";"– ";"139 ";"– ";0;45;20;50;60;120;50;3;10;8;16;"Normal";257;4
459;"Snover";10;505;"– ";"– ";"142 ";"– ";"– ";"– ";"088 ";0;60;62;50;62;60;40;5;6;1;7;"Normal";481;4
460;"Abomasnow";22;1355;"– ";"– ";"143 ";"– ";"– ";"– ";"089 ";0;90;92;75;92;85;60;5;6;1;7;"Normal";482;4
461;"Weavile";11;340;"– ";"– ";"145 ";"253 ";"– ";"– ";"092 ";0;70;120;65;45;85;125;16;6;5;16;"Normal";245;4
462;"Magnezone";12;1800;"– ";"– ";"180 ";"050 ";"– ";"– ";"071 ";0;70;70;115;130;90;60;4;17;11;16;"Normal";87;4
463;"Lickilicky";17;1400;"181 ";"– ";"162 ";"285 ";"– ";"– ";"135 ";0;110;85;95;80;95;50;1;19;1;16;"Normal";117;4
464;"Rhyperior";24;2828;"– ";"– ";"188 ";"– ";"– ";"052 ";"– ";0;115;140;130;55;55;40;9;13;1;5;"Normal";122;4
465;"Tangrowth";20;1286;"183 ";"– ";"182 ";"218 ";"– ";"– ";"– ";0;100;100;125;110;50;50;5;19;7;16;"Normal";127;4
466;"Electivire";18;1386;"– ";"– ";"199 ";"058 ";"– ";"– ";"– ";0;75;123;67;95;85;95;4;19;9;16;"Normal";144;4
467;"Magmortar";16;680;"– ";"– ";"202 ";"055 ";"– ";"– ";"– ";0;75;95;67;125;95;83;2;19;9;16;"Normal";147;4
468;"Togekiss";15;380;"– ";"– ";"175 ";"– ";"– ";"– ";"– ";0;85;50;95;120;115;80;18;10;4;6;"Normal";204;4
469;"Yanmega";19;515;"102 ";"– ";"184 ";"287 ";"– ";"088 ";"– ";0;86;76;86;116;56;95;12;10;3;16;"Normal";223;4
470;"Leafeon";10;255;"– ";"– ";"169 ";"097 ";"– ";"083 ";"– ";0;65;110;130;60;65;95;5;19;5;16;"Normal";159;4
471;"Glaceon";8;259;"– ";"– ";"170 ";"098 ";"– ";"084 ";"– ";0;65;60;110;130;95;65;6;19;5;16;"Normal";160;4
472;"Gliscor";20;425;"– ";"– ";"154 ";"222 ";"– ";"– ";"116 ";0;75;95;125;45;75;95;9;10;3;16;"Normal";238;4
473;"Mamoswine";25;2910;"197 ";"– ";"205 ";"260 ";"– ";"– ";"078 ";0;110;130;80;70;60;80;6;9;5;16;"Normal";252;4
474;"Porygon-Z";9;340;"– ";"– ";"194 ";"– ";"– ";"– ";"– ";0;85;80;70;135;75;90;1;19;11;16;"Normal";164;4
475;"Gallade";16;520;"– ";"– ";"160 ";"– ";"067 ";"– ";"– ";0;68;125;65;65;115;80;11;7;12;16;"Normal";307;4
476;"Probopass";14;3400;"– ";"– ";"156 ";"165 ";"– ";"094 ";"– ";0;60;55;145;75;150;40;13;17;11;16;"Normal";324;4
477;"Dusknoir";22;1066;"– ";"– ";"191 ";"– ";"– ";"– ";"– ";0;45;100;135;65;135;45;14;19;12;16;"Normal";384;4
478;"Froslass";13;266;"– ";"– ";"208 ";"– ";"– ";"– ";"– ";0;70;80;70;80;70;110;6;14;6;11;"Normal";391;4
479;"Rotom";3;3;"– ";"– ";"152 ";"– ";"– ";"– ";"068 ";0;50;65;107;105;107;86;4;10;12;16;"Fan";483;4
479;"Rotom";3;3;"– ";"– ";"152 ";"– ";"– ";"– ";"068 ";0;50;65;107;105;107;86;4;6;12;16;"Frost";483;4
479;"Rotom";3;3;"– ";"– ";"152 ";"– ";"– ";"– ";"068 ";0;50;65;107;105;107;86;4;2;12;16;"Heat";483;4
479;"Rotom";3;3;"– ";"– ";"152 ";"– ";"– ";"– ";"068 ";0;50;65;107;105;107;86;4;5;12;16;"Mow";483;4
479;"Rotom";3;3;"– ";"– ";"152 ";"– ";"– ";"– ";"068 ";0;50;50;77;95;77;91;4;14;12;16;"Normal";483;4
479;"Rotom";3;3;"– ";"– ";"152 ";"– ";"– ";"– ";"068 ";0;50;65;107;105;107;86;4;3;12;16;"Wash";483;4
480;"Uxie";3;3;"– ";"– ";"146 ";"– ";"– ";"– ";"– ";0;75;75;130;75;130;95;11;19;8;16;"Normal";484;4
481;"Mesprit";3;3;"– ";"– ";"147 ";"– ";"– ";"– ";"– ";0;80;105;105;105;105;80;11;19;8;16;"Normal";485;4
482;"Azelf";3;3;"– ";"– ";"148 ";"– ";"– ";"– ";"– ";0;75;125;70;125;70;115;11;19;8;16;"Normal";486;4
483;"Dialga";54;6830;"– ";"– ";"149 ";"– ";"– ";"– ";"– ";0;100;120;120;150;100;90;17;15;8;16;"Normal";487;4
484;"Palkia";42;3360;"– ";"– ";"150 ";"– ";"– ";"– ";"– ";0;90;120;100;150;120;100;3;15;8;16;"Normal";488;4
485;"Heatran";17;4300;"– ";"– ";"– ";"– ";"– ";"– ";"– ";0;91;90;106;130;106;77;2;17;8;16;"Normal";489;4
486;"Regigigas";37;4200;"– ";"– ";"– ";"– ";"– ";"– ";"– ";0;110;160;110;80;110;100;1;19;8;16;"Normal";490;4
487;"Giratina";45;7500;"– ";"– ";"210 ";"– ";"– ";"– ";"– ";0;150;100;120;100;120;90;14;15;8;16;"Altered";491;4
487;"Giratina";69;6500;"– ";"– ";"210 ";"– ";"– ";"– ";"– ";0;150;120;100;120;100;90;14;15;8;16;"Origin";491;4
488;"Cresselia";15;856;"– ";"– ";"– ";"– ";"– ";"– ";"– ";0;120;70;120;75;130;85;11;19;8;16;"Normal";492;4
489;"Phione";4;31;"– ";"– ";"– ";"– ";"– ";"– ";"– ";0;80;80;80;80;80;80;3;19;2;6;"Normal";493;4
490;"Manaphy";3;14;"– ";"– ";"151 ";"– ";"– ";"– ";"– ";0;100;100;100;100;100;100;3;19;2;6;"Normal";494;4
491;"Darkrai";15;505;"– ";"– ";"– ";"– ";"– ";"– ";"– ";0;70;90;90;135;90;125;16;19;8;16;"Normal";495;4
492;"Shaymin";2;21;"– ";"– ";"– ";"– ";"– ";"– ";"– ";0;100;100;100;100;100;100;5;19;8;16;"Land";496;4
492;"Shaymin";4;52;"– ";"– ";"– ";"– ";"– ";"– ";"– ";0;100;103;75;120;75;127;5;10;8;16;"Sky";496;4
493;"Arceus";32;3200;"– ";"– ";"– ";"– ";"– ";"– ";"– ";0;120;120;120;120;120;120;1;19;8;16;"Normal";497;4
494;"Victini";4;40;"– ";"– ";"– ";"000 ";"– ";"– ";"– ";0;100;100;100;100;100;100;11;2;8;16;"Normal";498;5
495;"Snivy";6;81;"– ";"– ";"– ";"001 ";"– ";"– ";"– ";0;45;45;55;45;55;63;5;19;5;7;"Normal";499;5
496;"Servine";8;160;"– ";"– ";"– ";"002 ";"– ";"– ";"– ";0;60;60;75;60;75;83;5;19;5;7;"Normal";500;5
497;"Serperior";33;630;"– ";"– ";"– ";"003 ";"– ";"– ";"– ";0;75;75;95;75;95;113;5;19;5;7;"Normal";501;5
498;"Tepig";5;99;"– ";"– ";"– ";"004 ";"– ";"– ";"– ";0;65;63;45;45;45;45;2;19;5;16;"Normal";502;5
499;"Pignite";10;555;"– ";"– ";"– ";"005 ";"– ";"– ";"– ";0;90;93;55;70;55;55;2;7;5;16;"Normal";503;5
500;"Emboar";16;1500;"– ";"– ";"– ";"006 ";"– ";"– ";"– ";0;110;123;65;100;65;65;2;7;5;16;"Normal";504;5
501;"Oshawott";5;59;"– ";"– ";"– ";"007 ";"– ";"– ";"– ";0;55;55;45;63;45;45;3;19;5;16;"Normal";505;5
502;"Dewott";8;245;"– ";"– ";"– ";"008 ";"– ";"– ";"– ";0;75;75;60;83;60;60;3;19;5;16;"Normal";506;5
503;"Samurott";15;946;"– ";"– ";"– ";"009 ";"– ";"– ";"– ";0;95;100;85;108;70;70;3;19;5;16;"Normal";507;5
504;"Patrat";5;116;"– ";"– ";"– ";"010 ";"– ";"– ";"046 ";0;45;55;39;35;39;42;1;19;5;16;"Normal";508;5
505;"Watchog";11;270;"– ";"– ";"– ";"011 ";"– ";"– ";"047 ";0;60;85;69;60;69;77;1;19;5;16;"Normal";509;5
506;"Lillipup";4;41;"– ";"– ";"– ";"022 ";"– ";"– ";"– ";0;45;60;45;25;45;55;1;19;5;16;"Normal";510;5
507;"Herdier";9;147;"– ";"– ";"– ";"023 ";"– ";"– ";"– ";0;65;80;65;35;65;60;1;19;5;16;"Normal";511;5
508;"Stoutland";12;610;"– ";"– ";"– ";"024 ";"– ";"– ";"– ";0;85;110;90;45;90;80;1;19;5;16;"Normal";512;5
509;"Purrloin";4;101;"– ";"– ";"– ";"012 ";"– ";"– ";"042 ";0;41;50;37;50;37;66;16;19;5;16;"Normal";513;5
510;"Liepard";11;375;"– ";"– ";"– ";"013 ";"– ";"– ";"043 ";0;64;88;50;88;50;106;16;19;5;16;"Normal";514;5
511;"Pansage";6;105;"– ";"– ";"– ";"037 ";"029 ";"– ";"– ";0;50;53;48;53;48;64;5;19;5;16;"Normal";515;5
512;"Simisage";11;305;"– ";"– ";"– ";"038 ";"030 ";"– ";"– ";0;75;98;63;98;63;101;5;19;5;16;"Normal";516;5
513;"Pansear";6;110;"– ";"– ";"– ";"039 ";"031 ";"– ";"– ";0;50;53;48;53;48;64;2;19;5;16;"Normal";517;5
514;"Simisear";10;280;"– ";"– ";"– ";"040 ";"032 ";"– ";"– ";0;75;98;63;98;63;101;2;19;5;16;"Normal";518;5
515;"Panpour";6;135;"– ";"– ";"– ";"041 ";"033 ";"– ";"– ";0;50;53;48;53;48;64;3;19;5;16;"Normal";519;5
516;"Simipour";10;290;"– ";"– ";"– ";"042 ";"034 ";"– ";"– ";0;75;98;63;98;63;101;3;19;5;16;"Normal";520;5
517;"Munna";6;233;"– ";"– ";"– ";"086 ";"– ";"– ";"– ";0;76;25;45;67;55;24;11;19;5;16;"Normal";521;5
518;"Musharna";11;605;"– ";"– ";"– ";"087 ";"– ";"– ";"– ";0;116;55;85;107;95;29;11;19;5;16;"Normal";522;5
519;"Pidove";3;21;"– ";"– ";"– ";"014 ";"– ";"– ";"– ";0;50;55;50;36;30;43;1;10;4;16;"Normal";523;5
520;"Tranquill";6;150;"– ";"– ";"– ";"015 ";"– ";"– ";"– ";0;62;77;62;50;42;65;1;10;4;16;"Normal";524;5
521;"Unfezant";12;290;"– ";"– ";"– ";"016 ";"– ";"– ";"– ";0;80;115;80;65;55;93;1;10;4;16;"Normal";525;5
522;"Blitzle";8;298;"– ";"– ";"– ";"147 ";"– ";"– ";"– ";0;45;60;32;50;32;76;4;19;5;16;"Normal";526;5
523;"Zebstrika";16;795;"– ";"– ";"– ";"148 ";"– ";"– ";"– ";0;75;100;63;80;63;116;4;19;5;16;"Normal";527;5
524;"Roggenrola";4;180;"– ";"– ";"– ";"068 ";"– ";"120 ";"– ";0;55;75;85;25;25;15;13;19;11;16;"Normal";528;5
525;"Boldore";9;1020;"– ";"– ";"– ";"069 ";"– ";"121 ";"– ";0;70;105;105;50;40;20;13;19;11;16;"Normal";529;5
526;"Gigalith";17;2600;"– ";"– ";"– ";"070 ";"– ";"122 ";"– ";0;85;135;130;60;80;25;13;19;11;16;"Normal";530;5
527;"Woobat";4;21;"– ";"– ";"– ";"066 ";"– ";"055 ";"– ";0;55;45;43;55;43;72;11;10;5;4;"Normal";531;5
528;"Swoobat";9;105;"– ";"– ";"– ";"067 ";"– ";"056 ";"– ";0;67;57;55;77;55;114;11;10;5;4;"Normal";532;5
529;"Drilbur";3;85;"– ";"– ";"– ";"076 ";"– ";"– ";"– ";0;60;85;40;30;45;68;9;19;5;16;"Normal";533;5
530;"Excadrill";7;404;"– ";"– ";"– ";"077 ";"– ";"– ";"– ";0;110;135;60;50;65;88;9;17;5;16;"Normal";534;5
531;"Audino";11;310;"– ";"– ";"– ";"036 ";"123 ";"– ";"– ";0;103;60;86;60;86;50;1;19;6;16;"Normal";535;5
532;"Timburr";6;125;"– ";"– ";"– ";"073 ";"– ";"– ";"093 ";0;75;80;55;25;35;35;7;19;9;16;"Normal";536;5
533;"Gurdurr";12;400;"– ";"– ";"– ";"074 ";"– ";"– ";"094 ";0;85;105;85;40;50;40;7;19;9;16;"Normal";537;5
534;"Conkeldurr";14;870;"– ";"– ";"– ";"075 ";"– ";"– ";"095 ";0;105;140;95;55;65;45;7;19;9;16;"Normal";538;5
535;"Tympole";5;45;"– ";"– ";"– ";"228 ";"– ";"– ";"– ";0;50;50;40;50;40;64;3;19;2;16;"Normal";539;5
536;"Palpitoad";8;170;"– ";"– ";"– ";"229 ";"– ";"– ";"– ";0;75;65;55;65;55;69;3;9;2;16;"Normal";540;5
537;"Seismitoad";15;620;"– ";"– ";"– ";"230 ";"– ";"– ";"– ";0;105;95;75;85;75;74;3;9;2;16;"Normal";541;5
538;"Throh";13;555;"– ";"– ";"– ";"267 ";"– ";"097 ";"– ";0;120;100;85;30;85;45;7;19;9;16;"Normal";542;5
539;"Sawk";14;510;"– ";"– ";"– ";"268 ";"– ";"098 ";"– ";0;75;125;75;30;75;85;7;19;9;16;"Normal";543;5
540;"Sewaddle";3;25;"– ";"– ";"– ";"017 ";"– ";"– ";"– ";0;45;53;70;40;60;42;12;5;3;16;"Normal";544;5
541;"Swadloon";5;73;"– ";"– ";"– ";"018 ";"– ";"– ";"– ";0;55;63;90;50;80;42;12;5;3;16;"Normal";545;5
542;"Leavanny";12;205;"– ";"– ";"– ";"019 ";"– ";"– ";"– ";0;75;103;80;70;80;92;12;5;3;16;"Normal";546;5
543;"Venipede";4;53;"– ";"– ";"– ";"043 ";"120 ";"– ";"– ";0;30;45;59;30;39;57;12;8;3;16;"Normal";547;5
544;"Whirlipede";12;585;"– ";"– ";"– ";"044 ";"121 ";"– ";"– ";0;40;55;99;40;79;47;12;8;3;16;"Normal";548;5
545;"Scolipede";25;2005;"– ";"– ";"– ";"045 ";"122 ";"– ";"– ";0;60;100;89;55;69;112;12;8;3;16;"Normal";549;5
546;"Cottonee";3;6;"– ";"– ";"– ";"082 ";"– ";"– ";"– ";0;40;27;60;37;50;66;5;18;7;6;"Normal";550;5
547;"Whimsicott";7;66;"– ";"– ";"– ";"083 ";"– ";"– ";"– ";0;60;67;85;77;75;116;5;18;7;6;"Normal";551;5
548;"Petilil";5;66;"– ";"– ";"– ";"084 ";"– ";"– ";"– ";0;45;35;50;70;50;30;5;19;7;16;"Normal";552;5
549;"Lilligant";11;163;"– ";"– ";"– ";"085 ";"– ";"– ";"– ";0;70;60;75;110;75;90;5;19;7;16;"Normal";553;5
550;"Basculin";10;180;"– ";"– ";"– ";"104 ";"– ";"– ";"060 ";0;70;92;65;80;55;98;3;19;13;16;"Normal";554;5
551;"Sandile";7;152;"– ";"– ";"– ";"099 ";"– ";"043 ";"– ";0;50;72;35;35;35;65;9;16;5;16;"Normal";555;5
552;"Krokorok";10;334;"– ";"– ";"– ";"100 ";"– ";"044 ";"– ";0;60;82;45;45;45;74;9;16;5;16;"Normal";556;5
553;"Krookodile";15;963;"– ";"– ";"– ";"101 ";"– ";"045 ";"– ";0;95;117;80;65;70;92;9;16;5;16;"Normal";557;5
554;"Darumaka";6;375;"– ";"– ";"– ";"102 ";"– ";"– ";"– ";0;70;90;45;15;45;50;2;19;5;16;"Normal";558;5
555;"Darmanitan";13;929;"– ";"– ";"– ";"103 ";"– ";"– ";"– ";0;105;140;55;30;55;95;2;19;5;16;"Standard";559;5
555;"Darmanitan";13;929;"– ";"– ";"– ";"103 ";"– ";"– ";"– ";0;105;30;105;140;105;55;2;11;5;16;"Zen";558;5
556;"Maractus";10;280;"– ";"– ";"– ";"119 ";"– ";"– ";"– ";0;75;86;67;106;67;60;5;19;7;16;"Normal";560;5
557;"Dwebble";3;145;"– ";"– ";"– ";"115 ";"– ";"023 ";"– ";0;50;65;85;35;35;55;12;13;3;11;"Normal";561;5
558;"Crustle";14;2000;"– ";"– ";"– ";"116 ";"– ";"024 ";"– ";0;70;95;125;65;75;45;12;13;3;11;"Normal";562;5
559;"Scraggy";6;118;"– ";"– ";"– ";"117 ";"100 ";"– ";"– ";0;50;75;70;35;70;48;16;7;5;15;"Normal";563;5
560;"Scrafty";11;300;"– ";"– ";"– ";"118 ";"101 ";"– ";"– ";0;65;90;115;45;115;58;16;7;5;15;"Normal";564;5
561;"Sigilyph";14;140;"– ";"– ";"– ";"120 ";"– ";"090 ";"– ";0;72;58;80;103;80;97;11;10;4;16;"Normal";565;5
562;"Yamask";5;15;"– ";"– ";"– ";"124 ";"– ";"– ";"– ";0;38;30;85;55;65;30;14;19;11;12;"Normal";566;5
563;"Cofagrigus";17;765;"– ";"– ";"– ";"125 ";"– ";"– ";"– ";0;58;50;145;95;105;30;14;19;11;12;"Normal";567;5
564;"Tirtouga";7;165;"– ";"– ";"– ";"126 ";"– ";"– ";"– ";0;54;78;103;53;45;22;3;13;2;10;"Normal";568;5
565;"Carracosta";12;810;"– ";"– ";"– ";"127 ";"– ";"– ";"– ";0;74;108;133;83;65;32;3;13;2;10;"Normal";569;5
566;"Archen";5;95;"– ";"– ";"– ";"128 ";"– ";"– ";"– ";0;55;112;45;74;45;70;13;10;4;10;"Normal";570;5
567;"Archeops";14;320;"– ";"– ";"– ";"129 ";"– ";"– ";"– ";0;75;140;65;112;65;110;13;10;4;10;"Normal";571;5
568;"Trubbish";6;310;"– ";"– ";"– ";"105 ";"– ";"– ";"074 ";0;50;50;62;40;62;65;8;19;11;16;"Normal";572;5
569;"Garbodor";19;1073;"– ";"– ";"– ";"106 ";"– ";"– ";"075 ";0;80;95;82;60;82;75;8;19;11;16;"Normal";573;5
570;"Zorua";7;125;"– ";"– ";"– ";"151 ";"– ";"– ";"124 ";0;40;65;40;80;40;65;16;19;5;16;"Normal";574;5
571;"Zoroark";16;811;"– ";"– ";"– ";"152 ";"– ";"– ";"125 ";0;60;105;60;120;60;105;16;19;5;16;"Normal";575;5
572;"Minccino";4;58;"– ";"– ";"– ";"107 ";"– ";"– ";"– ";0;55;50;40;40;40;75;1;19;5;16;"Normal";576;5
573;"Cinccino";5;75;"– ";"– ";"– ";"108 ";"– ";"– ";"– ";0;75;95;60;65;60;115;1;19;5;16;"Normal";577;5
574;"Gothita";4;58;"– ";"– ";"– ";"136 ";"– ";"– ";"126 ";0;45;30;50;55;65;45;11;19;9;16;"Normal";578;5
575;"Gothorita";7;180;"– ";"– ";"– ";"137 ";"– ";"– ";"127 ";0;60;45;70;75;85;55;11;19;9;16;"Normal";579;5
576;"Gothitelle";15;440;"– ";"– ";"– ";"138 ";"– ";"– ";"128 ";0;70;55;95;95;110;65;11;19;9;16;"Normal";580;5
577;"Solosis";3;10;"– ";"– ";"– ";"139 ";"– ";"115 ";"– ";0;45;30;40;105;50;20;11;19;12;16;"Normal";581;5
578;"Duosion";6;80;"– ";"– ";"– ";"140 ";"– ";"116 ";"– ";0;65;40;50;125;60;30;11;19;12;16;"Normal";582;5
579;"Reuniclus";10;201;"– ";"– ";"– ";"141 ";"– ";"117 ";"– ";0;110;65;75;125;85;30;11;19;12;16;"Normal";583;5
580;"Ducklett";5;55;"– ";"– ";"– ";"153 ";"127 ";"– ";"– ";0;62;44;50;44;50;55;3;10;2;4;"Normal";584;5
581;"Swanna";13;242;"– ";"– ";"– ";"154 ";"128 ";"– ";"– ";0;75;87;63;87;63;98;3;10;2;4;"Normal";585;5
582;"Vanillite";4;57;"– ";"– ";"– ";"255 ";"– ";"– ";"085 ";0;36;50;50;65;60;44;6;19;11;16;"Normal";586;5
583;"Vanillish";11;410;"– ";"– ";"– ";"256 ";"– ";"– ";"086 ";0;51;65;65;80;75;59;6;19;11;16;"Normal";587;5
584;"Vanilluxe";13;575;"– ";"– ";"– ";"257 ";"– ";"– ";"087 ";0;71;95;85;110;95;79;6;19;11;16;"Normal";588;5
585;"Deerling";6;195;"– ";"– ";"– ";"159 ";"– ";"– ";"– ";0;60;60;50;40;50;75;1;5;5;16;"Normal";592;5
586;"Sawsbuck";19;925;"– ";"– ";"– ";"160 ";"– ";"– ";"– ";0;80;100;70;60;70;95;1;5;5;16;"Normal";594;5
587;"Emolga";4;50;"– ";"– ";"– ";"144 ";"– ";"086 ";"– ";0;55;75;60;75;60;103;4;10;5;16;"Normal";597;5
588;"Karrablast";5;59;"– ";"– ";"– ";"155 ";"– ";"– ";"022 ";0;50;75;45;40;45;60;12;19;3;16;"Normal";598;5
589;"Escavalier";10;330;"– ";"– ";"– ";"156 ";"– ";"– ";"023 ";0;70;135;105;60;105;20;12;17;3;16;"Normal";599;5
590;"Foongus";2;10;"– ";"– ";"– ";"161 ";"– ";"– ";"053 ";0;69;55;45;55;55;15;5;8;7;16;"Normal";600;5
591;"Amoonguss";6;105;"– ";"– ";"– ";"162 ";"– ";"– ";"054 ";0;114;85;70;85;80;30;5;8;7;16;"Normal";601;5
592;"Frillish";12;330;"– ";"– ";"– ";"180 ";"– ";"– ";"– ";0;55;40;50;65;85;40;3;14;12;16;"Normal";602;5
593;"Jellicent";22;1350;"– ";"– ";"– ";"181 ";"– ";"– ";"– ";0;100;60;70;85;105;60;3;14;12;16;"Normal";603;5
594;"Alomomola";12;316;"– ";"– ";"– ";"182 ";"– ";"149 ";"– ";0;165;75;80;40;45;65;3;19;2;13;"Normal";604;5
595;"Joltik";1;6;"– ";"– ";"– ";"173 ";"– ";"– ";"– ";0;50;47;50;57;50;65;12;4;3;16;"Normal";605;5
596;"Galvantula";8;143;"– ";"– ";"– ";"174 ";"– ";"– ";"– ";0;70;77;60;97;60;108;12;4;3;16;"Normal";606;5
597;"Ferroseed";6;188;"– ";"– ";"– ";"175 ";"– ";"069 ";"– ";0;44;50;91;24;86;10;5;17;7;11;"Normal";607;5
598;"Ferrothorn";10;1100;"– ";"– ";"– ";"176 ";"– ";"070 ";"– ";0;74;94;131;54;116;20;5;17;7;11;"Normal";608;5
599;"Klink";3;210;"– ";"– ";"– ";"130 ";"– ";"– ";"– ";0;40;55;70;45;60;30;17;19;11;16;"Normal";609;5
600;"Klang";6;510;"– ";"– ";"– ";"131 ";"– ";"– ";"– ";0;60;80;95;70;85;50;17;19;11;16;"Normal";610;5
601;"Klinklang";6;810;"– ";"– ";"– ";"132 ";"– ";"– ";"– ";0;60;100;115;70;85;90;17;19;11;16;"Normal";611;5
602;"Tynamo";2;3;"– ";"– ";"– ";"177 ";"– ";"– ";"– ";0;35;55;40;45;40;60;4;19;12;16;"Normal";612;5
603;"Eelektrik";12;220;"– ";"– ";"– ";"178 ";"– ";"– ";"– ";0;65;85;70;75;70;40;4;19;12;16;"Normal";613;5
604;"Eelektross";21;805;"– ";"– ";"– ";"179 ";"– ";"– ";"– ";0;85;115;80;105;80;50;4;19;12;16;"Normal";614;5
605;"Elgyem";5;90;"– ";"– ";"– ";"188 ";"– ";"– ";"– ";0;55;55;55;85;55;30;11;19;9;16;"Normal";615;5
606;"Beheeyem";10;345;"– ";"– ";"– ";"189 ";"– ";"– ";"– ";0;75;75;75;125;95;40;11;19;9;16;"Normal";616;5
607;"Litwick";3;31;"– ";"– ";"– ";"190 ";"– ";"– ";"065 ";0;50;30;55;65;55;20;14;2;12;16;"Normal";617;5
608;"Lampent";6;130;"– ";"– ";"– ";"191 ";"– ";"– ";"066 ";0;60;40;60;95;60;55;14;2;12;16;"Normal";618;5
609;"Chandelure";10;343;"– ";"– ";"– ";"192 ";"– ";"– ";"067 ";0;60;55;90;145;90;80;14;2;12;16;"Normal";619;5
610;"Axew";6;180;"– ";"– ";"– ";"183 ";"148 ";"– ";"– ";0;46;87;60;30;40;57;15;19;1;15;"Normal";620;5
611;"Fraxure";10;360;"– ";"– ";"– ";"184 ";"149 ";"– ";"– ";0;66;117;70;40;50;67;15;19;1;15;"Normal";621;5
612;"Haxorus";18;1055;"– ";"– ";"– ";"185 ";"150 ";"– ";"– ";0;76;147;90;60;70;97;15;19;1;15;"Normal";622;5
613;"Cubchoo";5;85;"– ";"– ";"– ";"195 ";"– ";"– ";"081 ";0;55;70;40;60;40;40;6;19;5;16;"Normal";623;5
614;"Beartic";26;2600;"– ";"– ";"– ";"196 ";"– ";"– ";"082 ";0;95;110;80;70;80;50;6;19;5;16;"Normal";624;5
615;"Cryogonal";11;1480;"– ";"– ";"– ";"197 ";"– ";"– ";"111 ";0;70;50;30;95;135;105;6;19;11;16;"Normal";625;5
616;"Shelmet";4;77;"– ";"– ";"– ";"157 ";"– ";"– ";"024 ";0;50;40;85;40;65;25;12;19;3;16;"Normal";626;5
617;"Accelgor";8;253;"– ";"– ";"– ";"158 ";"– ";"– ";"025 ";0;80;70;40;100;60;145;12;19;3;16;"Normal";627;5
618;"Stunfisk";7;110;"– ";"– ";"– ";"231 ";"– ";"– ";"039 ";0;109;66;84;81;99;32;9;4;2;12;"Normal";628;5
619;"Mienfoo";9;200;"– ";"– ";"– ";"219 ";"– ";"003 ";"– ";0;45;85;50;55;50;65;7;19;5;9;"Normal";629;5
620;"Mienshao";14;355;"– ";"– ";"– ";"220 ";"– ";"004 ";"– ";0;65;125;60;95;60;105;7;19;5;9;"Normal";630;5
621;"Druddigon";16;1390;"– ";"– ";"– ";"270 ";"– ";"– ";"141 ";0;77;120;90;60;90;48;15;19;15;1;"Normal";631;5
622;"Golett";10;920;"– ";"– ";"– ";"271 ";"– ";"091 ";"– ";0;59;74;50;35;50;35;9;14;11;16;"Normal";632;5
623;"Golurk";28;3300;"– ";"– ";"– ";"272 ";"– ";"092 ";"– ";0;89;124;80;55;80;55;9;14;11;16;"Normal";633;5
624;"Pawniard";5;102;"– ";"– ";"– ";"223 ";"– ";"– ";"048 ";0;45;85;70;40;40;60;16;17;9;16;"Normal";634;5
625;"Bisharp";16;700;"– ";"– ";"– ";"224 ";"– ";"– ";"049 ";0;65;125;100;60;70;70;16;17;9;16;"Normal";635;5
626;"Bouffalant";16;946;"– ";"– ";"– ";"269 ";"– ";"– ";"– ";0;95;110;95;40;95;55;1;19;5;16;"Normal";636;5
627;"Rufflet";5;105;"– ";"– ";"– ";"109 ";"– ";"– ";"– ";0;70;83;50;37;50;60;1;10;4;16;"Normal";637;5
628;"Braviary";15;410;"– ";"– ";"– ";"110 ";"– ";"– ";"– ";0;100;123;75;57;75;80;1;10;4;16;"Normal";638;5
629;"Vullaby";5;90;"– ";"– ";"– ";"111 ";"– ";"– ";"– ";0;70;55;75;45;65;60;16;10;4;16;"Normal";639;5
630;"Mandibuzz";12;395;"– ";"– ";"– ";"112 ";"– ";"– ";"– ";0;110;65;105;55;95;80;16;10;4;16;"Normal";640;5
631;"Heatmor";14;580;"– ";"– ";"– ";"193 ";"– ";"– ";"105 ";0;85;97;66;105;66;65;2;19;5;16;"Normal";641;5
632;"Durant";3;330;"– ";"– ";"– ";"194 ";"– ";"– ";"106 ";0;58;109;112;48;48;109;12;17;3;16;"Normal";642;5
633;"Deino";8;173;"– ";"– ";"– ";"273 ";"– ";"– ";"142 ";0;52;65;50;45;50;38;16;15;15;16;"Normal";643;5
634;"Zweilous";14;500;"– ";"– ";"– ";"274 ";"– ";"– ";"143 ";0;72;85;70;65;70;58;16;15;15;16;"Normal";644;5
635;"Hydreigon";18;1600;"– ";"– ";"– ";"275 ";"– ";"– ";"144 ";0;92;105;90;125;90;98;16;15;15;16;"Normal";645;5
636;"Larvesta";11;288;"– ";"– ";"– ";"171 ";"– ";"– ";"– ";0;55;85;55;50;55;60;12;2;3;16;"Normal";646;5
637;"Volcarona";16;460;"– ";"– ";"– ";"172 ";"– ";"– ";"– ";0;85;60;65;135;105;100;12;2;3;16;"Normal";647;5
638;"Cobalion";21;2500;"– ";"– ";"– ";"225 ";"– ";"– ";"– ";0;91;90;129;90;72;108;17;7;8;16;"Normal";648;5
639;"Terrakion";19;2600;"– ";"– ";"– ";"226 ";"– ";"– ";"– ";0;91;129;90;72;90;108;13;7;8;16;"Normal";649;5
640;"Virizion";20;2000;"– ";"– ";"– ";"227 ";"– ";"– ";"– ";0;91;90;72;90;129;108;5;7;8;16;"Normal";650;5
641;"Tornadus";15;630;"– ";"– ";"– ";"198 ";"– ";"– ";"– ";0;79;115;70;125;80;111;10;19;8;16;"Incarnate";651;5
641;"Tornadus";15;630;"– ";"– ";"– ";"198 ";"– ";"– ";"– ";0;79;115;70;125;80;111;10;19;8;16;"Therian";651;5
642;"Thundurus";15;610;"– ";"– ";"– ";"199 ";"– ";"– ";"– ";0;79;100;80;110;90;121;4;10;8;16;"Incarnate";652;5
642;"Thundurus";15;610;"– ";"– ";"– ";"199 ";"– ";"– ";"– ";0;79;105;70;145;80;101;4;10;8;16;"Therian";652;5
643;"Reshiram";32;3300;"– ";"– ";"– ";"295 ";"– ";"– ";"– ";0;100;120;100;150;120;90;15;2;8;16;"Normal";653;5
644;"Zekrom";29;3450;"– ";"– ";"– ";"296 ";"– ";"– ";"– ";0;89;125;90;115;80;101;15;4;8;16;"Normal";654;5
645;"Landorus";15;680;"– ";"– ";"– ";"200 ";"– ";"– ";"– ";0;100;150;120;120;100;90;9;10;8;16;"Incarnate";655;5
645;"Landorus";15;680;"– ";"– ";"– ";"200 ";"– ";"– ";"– ";0;89;145;90;105;80;91;9;10;8;16;"Therian";655;5
646;"Kyurem";33;3250;"– ";"– ";"– ";"297 ";"– ";"– ";"– ";0;125;170;100;120;90;95;15;6;8;16;"Black";656;5
646;"Kyurem";30;3250;"– ";"– ";"– ";"297 ";"– ";"– ";"– ";0;125;130;90;130;90;95;15;6;8;16;"Normal";656;5
646;"Kyurem";36;3250;"– ";"– ";"– ";"297 ";"– ";"– ";"– ";0;125;120;90;170;100;95;15;6;8;16;"White";656;5
647;"Keldeo";14;485;"– ";"– ";"– ";"298 ";"– ";"– ";"– ";0;91;72;90;129;90;108;3;7;8;16;"Normal";657;5
648;"Meloetta";6;65;"– ";"– ";"– ";"299 ";"– ";"– ";"– ";0;100;77;77;128;128;90;1;11;8;16;"Aria";658;5
648;"Meloetta";6;65;"– ";"– ";"– ";"299 ";"– ";"– ";"– ";0;100;128;90;77;77;128;1;7;8;16;"Pirouette";658;5
649;"Genesect";15;825;"– ";"– ";"– ";"300 ";"– ";"– ";"– ";0;71;120;95;120;95;99;12;17;8;16;"Normal";659;5
650;"Chespin";4;90;"– ";"– ";"– ";"– ";"001 ";"– ";"– ";0;56;61;65;48;45;33;5;19;5;16;"Normal";660;6
651;"Quilladin";7;290;"– ";"– ";"– ";"– ";"002 ";"– ";"– ";0;61;78;95;56;58;57;5;19;5;16;"Normal";661;6
652;"Chesnaught";16;900;"– ";"– ";"– ";"– ";"003 ";"– ";"– ";0;88;107;122;74;75;64;5;7;5;16;"Normal";662;6
653;"Fennekin";4;94;"– ";"– ";"– ";"– ";"004 ";"– ";"– ";0;40;45;40;62;60;60;2;19;5;16;"Normal";663;6
654;"Braixen";10;145;"– ";"– ";"– ";"– ";"005 ";"– ";"– ";0;59;59;58;90;70;73;2;19;5;16;"Normal";664;6
655;"Delphox";15;390;"– ";"– ";"– ";"– ";"006 ";"– ";"– ";0;75;69;72;114;100;104;2;11;5;16;"Normal";665;6
656;"Froakie";3;70;"– ";"– ";"– ";"– ";"007 ";"– ";"– ";0;41;56;40;62;44;71;3;19;2;16;"Normal";666;6
657;"Frogadier";6;109;"– ";"– ";"– ";"– ";"008 ";"– ";"– ";0;54;63;52;83;56;97;3;19;2;16;"Normal";667;6
658;"Greninja";15;400;"– ";"– ";"– ";"– ";"009 ";"– ";"– ";0;72;95;67;103;71;122;3;16;2;16;"Normal";668;6
659;"Bunnelby";4;50;"– ";"– ";"– ";"– ";"010 ";"– ";"– ";0;38;36;38;32;36;57;1;19;5;16;"Normal";669;6
660;"Diggersby";10;424;"– ";"– ";"– ";"– ";"011 ";"– ";"– ";0;85;56;77;50;77;78;1;9;5;16;"Normal";670;6
661;"Fletchling";3;17;"– ";"– ";"– ";"– ";"014 ";"– ";"– ";0;45;50;43;40;38;62;1;10;4;16;"Normal";671;6
662;"Fletchinder";7;160;"– ";"– ";"– ";"– ";"015 ";"– ";"– ";0;62;73;55;56;52;84;2;10;4;16;"Normal";672;6
663;"Talonflame";12;245;"– ";"– ";"– ";"– ";"016 ";"– ";"– ";0;78;81;71;74;69;126;2;10;4;16;"Normal";673;6
664;"Scatterbug";3;25;"– ";"– ";"– ";"– ";"020 ";"– ";"– ";0;38;35;40;27;25;35;12;19;3;16;"Normal";674;6
665;"Spewpa";3;84;"– ";"– ";"– ";"– ";"021 ";"– ";"– ";0;45;22;60;27;30;29;12;19;3;16;"Normal";675;6
666;"Vivillon";12;170;"– ";"– ";"– ";"– ";"022 ";"– ";"– ";0;80;52;50;90;50;89;12;10;3;16;"Normal";676;6
667;"Litleo";6;135;"– ";"– ";"– ";"– ";"057 ";"– ";"– ";0;62;50;58;73;54;72;2;1;5;16;"Normal";677;6
668;"Pyroar";15;815;"– ";"– ";"– ";"– ";"058 ";"– ";"– ";0;86;68;72;109;66;106;2;1;5;16;"Normal";678;6
669;"Flabébé";1;1;"– ";"– ";"– ";"– ";"068 ";"– ";"– ";0;44;38;39;61;79;42;18;19;6;16;"Normal";679;6
670;"Floette";2;9;"– ";"– ";"– ";"– ";"069 ";"– ";"– ";0;54;45;47;75;98;52;18;19;6;16;"Normal";680;6
671;"Florges";11;100;"– ";"– ";"– ";"– ";"070 ";"– ";"– ";0;78;65;68;112;154;75;18;19;6;16;"Normal";681;6
672;"Skiddo";9;310;"– ";"– ";"– ";"– ";"089 ";"– ";"– ";0;66;65;48;62;57;52;5;19;5;16;"Normal";682;6
673;"Gogoat";17;910;"– ";"– ";"– ";"– ";"090 ";"– ";"– ";0;123;100;62;97;81;68;5;19;5;16;"Normal";683;6
674;"Pancham";6;80;"– ";"– ";"– ";"– ";"091 ";"– ";"– ";0;67;82;62;46;48;43;7;19;5;9;"Normal";684;6
675;"Pangoro";21;1360;"– ";"– ";"– ";"– ";"092 ";"– ";"– ";0;95;124;78;69;71;58;7;16;5;9;"Normal";685;6
676;"Furfrou";12;280;"– ";"– ";"– ";"– ";"093 ";"– ";"– ";0;75;80;60;65;90;102;1;19;5;16;"Normal";686;6
677;"Espurr";3;35;"– ";"– ";"– ";"– ";"114 ";"– ";"– ";0;62;48;54;63;60;68;11;19;5;16;"Normal";687;6
678;"Meowstic";6;85;"– ";"– ";"– ";"– ";"115 ";"– ";"– ";0;74;48;76;83;81;104;11;19;5;16;"Female";689;6
678;"Meowstic";6;85;"– ";"– ";"– ";"– ";"115 ";"– ";"– ";0;74;48;76;83;81;104;11;19;5;16;"Male";688;6
679;"Honedge";8;20;"– ";"– ";"– ";"– ";"117 ";"– ";"– ";0;45;80;100;35;37;28;17;14;11;16;"Normal";690;6
680;"Doublade";8;45;"– ";"– ";"– ";"– ";"118 ";"– ";"– ";0;59;110;150;45;49;35;17;14;11;16;"Normal";691;6
681;"Aegislash";17;530;"– ";"– ";"– ";"– ";"119 ";"– ";"– ";0;60;150;50;150;50;60;17;14;11;16;"Blade";692;6
681;"Aegislash";17;530;"– ";"– ";"– ";"– ";"119 ";"– ";"– ";0;60;50;150;50;150;60;17;14;11;16;"Shield";692;6
682;"Spritzee";2;5;"– ";"– ";"– ";"– ";"129 ";"– ";"– ";0;78;52;60;63;65;23;18;19;6;16;"Normal";693;6
683;"Aromatisse";8;155;"– ";"– ";"– ";"– ";"130 ";"– ";"– ";0;101;72;72;99;89;29;18;19;6;16;"Normal";694;6
684;"Swirlix";4;35;"– ";"– ";"– ";"– ";"131 ";"– ";"– ";0;62;48;66;59;57;49;18;19;6;16;"Normal";695;6
685;"Slurpuff";8;50;"– ";"– ";"– ";"– ";"132 ";"– ";"– ";0;82;80;86;85;75;72;18;19;6;16;"Normal";696;6
686;"Inkay";4;35;"– ";"– ";"– ";"– ";"– ";"010 ";"– ";0;53;54;37;46;45;45;16;11;2;13;"Normal";697;6
687;"Malamar";15;470;"– ";"– ";"– ";"– ";"– ";"011 ";"– ";0;86;92;88;68;75;73;16;11;2;13;"Normal";698;6
688;"Binacle";5;310;"– ";"– ";"– ";"– ";"– ";"021 ";"– ";0;42;52;67;39;56;50;13;3;2;10;"Normal";699;6
689;"Barbaracle";13;960;"– ";"– ";"– ";"– ";"– ";"022 ";"– ";0;72;105;115;54;86;68;13;3;2;10;"Normal";700;6
690;"Skrelp";5;73;"– ";"– ";"– ";"– ";"– ";"030 ";"– ";0;50;60;60;60;60;30;8;3;2;15;"Normal";701;6
691;"Dragalge";18;815;"– ";"– ";"– ";"– ";"– ";"031 ";"– ";0;65;75;90;97;123;44;8;15;2;15;"Normal";702;6
692;"Clauncher";5;83;"– ";"– ";"– ";"– ";"– ";"032 ";"– ";0;50;53;62;58;63;44;3;19;2;10;"Normal";703;6
693;"Clawitzer";13;353;"– ";"– ";"– ";"– ";"– ";"033 ";"– ";0;71;73;88;120;89;59;3;19;2;10;"Normal";704;6
694;"Helioptile";5;60;"– ";"– ";"– ";"– ";"– ";"046 ";"– ";1;44;38;33;61;43;70;4;1;1;15;"Normal";705;6
695;"Heliolisk";10;210;"– ";"– ";"– ";"– ";"– ";"047 ";"– ";1;62;55;52;109;94;109;4;1;1;15;"Normal";706;6
696;"Tyrunt";8;260;"– ";"– ";"– ";"– ";"– ";"064 ";"– ";1;58;89;77;45;45;48;13;15;1;15;"Normal";707;6
697;"Tyrantrum";25;2700;"– ";"– ";"– ";"– ";"– ";"065 ";"– ";0;82;121;119;69;59;71;13;15;1;15;"Normal";708;6
698;"Amaura";13;252;"– ";"– ";"– ";"– ";"– ";"066 ";"– ";1;77;59;50;67;63;46;13;6;1;16;"Normal";709;6
699;"Aurorus";27;2250;"– ";"– ";"– ";"– ";"– ";"067 ";"– ";0;123;77;72;99;92;58;13;6;1;16;"Normal";710;6
700;"Sylveon";10;235;"– ";"– ";"– ";"– ";"– ";"085 ";"– ";1;95;65;65;110;130;60;18;19;5;16;"Normal";161;6
701;"Hawlucha";8;215;"– ";"– ";"– ";"– ";"– ";"089 ";"– ";1;78;92;75;74;63;118;7;10;9;16;"Normal";711;6
702;"Dedenne";2;22;"– ";"– ";"– ";"– ";"– ";"110 ";"– ";0;67;58;57;81;67;101;4;18;5;6;"Normal";712;6
703;"Carbink";3;57;"– ";"– ";"– ";"– ";"– ";"124 ";"– ";1;50;50;150;50;150;50;13;18;6;11;"Normal";713;6
704;"Goomy";3;28;"– ";"– ";"– ";"– ";"– ";"– ";"019 ";1;45;50;35;55;75;40;15;19;15;16;"Normal";714;6
705;"Sliggoo";8;175;"– ";"– ";"– ";"– ";"– ";"– ";"020 ";0;68;75;53;83;113;60;15;19;15;16;"Normal";715;6
706;"Goodra";20;1505;"– ";"– ";"– ";"– ";"– ";"– ";"021 ";0;90;100;70;110;150;80;15;19;15;16;"Normal";716;6
707;"Klefki";2;30;"– ";"– ";"– ";"– ";"– ";"– ";"050 ";1;57;80;91;80;87;75;17;18;11;16;"Normal";717;6
708;"Phantump";4;70;"– ";"– ";"– ";"– ";"– ";"– ";"061 ";1;43;70;48;50;60;38;14;5;7;12;"Normal";718;6
709;"Trevenant";15;710;"– ";"– ";"– ";"– ";"– ";"– ";"062 ";1;85;110;76;65;82;56;14;5;7;12;"Normal";719;6
710;"Pumpkaboo";4;50;"– ";"– ";"– ";"– ";"– ";"– ";"063 ";0;54;66;70;44;55;46;14;5;12;16;"Average";720;6
710;"Pumpkaboo";5;75;"– ";"– ";"– ";"– ";"– ";"– ";"063 ";0;44;66;70;44;55;56;14;5;12;16;"Large";720;6
710;"Pumpkaboo";3;35;"– ";"– ";"– ";"– ";"– ";"– ";"063 ";0;49;66;70;44;55;51;14;5;12;16;"Small";720;6
710;"Pumpkaboo";8;150;"– ";"– ";"– ";"– ";"– ";"– ";"063 ";0;59;66;70;44;55;41;14;5;12;16;"Super";720;6
711;"Gourgeist";9;125;"– ";"– ";"– ";"– ";"– ";"– ";"064 ";0;65;90;122;58;75;84;14;5;12;16;"Average";721;6
711;"Gourgeist";11;140;"– ";"– ";"– ";"– ";"– ";"– ";"064 ";0;85;100;122;58;75;54;14;5;12;16;"Large";721;6
711;"Gourgeist";7;95;"– ";"– ";"– ";"– ";"– ";"– ";"064 ";0;55;85;122;58;75;99;14;5;12;16;"Small";721;6
711;"Gourgeist";17;390;"– ";"– ";"– ";"– ";"– ";"– ";"064 ";0;75;95;122;58;75;69;14;5;12;16;"Super";721;6
712;"Bergmite";10;995;"– ";"– ";"– ";"– ";"– ";"– ";"079 ";1;55;69;85;32;35;28;6;19;7;16;"Normal";722;6
713;"Avalugg";20;5050;"– ";"– ";"– ";"– ";"– ";"– ";"080 ";0;95;117;184;44;46;28;6;19;12;16;"Normal";723;6
714;"Noibat";5;80;"– ";"– ";"– ";"– ";"– ";"– ";"113 ";1;40;30;35;45;40;55;10;15;12;16;"Normal";724;6
715;"Noivern";15;850;"– ";"– ";"– ";"– ";"– ";"– ";"114 ";0;85;70;80;97;80;123;10;15;1;16;"Normal";725;6
716;"Xerneas";30;2150;"– ";"– ";"– ";"– ";"– ";"– ";"148 ";0;126;131;95;131;98;99;18;19;1;16;"Normal";726;6
717;"Yveltal";58;2030;"– ";"– ";"– ";"– ";"– ";"– ";"149 ";1;126;131;95;131;98;99;16;10;4;16;"Normal";727;6
718;"Zygarde";50;3050;"– ";"– ";"–";"– ";"– ";"– ";"150";1;108;100;121;81;81;95;15;14;8;16;"Normal";728;6
